date,rate2,rate5,rate10
2021-06-30,-0.006975142228883702,-0.0055975899925361,-0.0020316753873895043
2021-07-01,-0.0070516657378731475,-0.005710178317124526,-0.0021213429861981757
2021-07-02,-0.007118871514456897,-0.005892544605852335,-0.002372602808236559
2021-07-05,-0.0070416278419669735,-0.00572051715717222,-0.002189623650178798
2021-07-06,-0.007150367268257831,-0.006030623926979594,-0.002609668739699926
2021-07-07,-0.007246165740793096,-0.006267154631685501,-0.0030948937289064027
2021-07-08,-0.0073118773110647135,-0.0063862634065651935,-0.0032677521322926405
2021-07-09,-0.007218079162157296,-0.006208882885176799,-0.0029793320823958023
2021-07-12,-0.007205715462822535,-0.006258417699549961,-0.0030455063058885436
2021-07-13,-0.007178384880520152,-0.006275046532346269,-0.0031921231605446243
2021-07-14,-0.007215853209086714,-0.0063089896398147525,-0.0031739528160234665
2021-07-15,-0.007310942023705036,-0.006461010396764548,-0.003408957325298134
2021-07-16,-0.007369927435850301,-0.006551253054546748,-0.0035143919816669955
2021-07-19,-0.00739063183118831,-0.006725385858562833,-0.0039023974948602593
2021-07-20,-0.007664669255325203,-0.007125190068295004,-0.004276975557635457
2021-07-21,-0.00763884906546648,-0.0069698619931548265,-0.003994580561662491
2021-07-22,-0.0076890088625186535,-0.007034814786710486,-0.004057264040294415
2021-07-23,-0.007747967285703887,-0.007096872211780703,-0.004160615667264871
2021-07-26,-0.007771063595863219,-0.00710581084003353,-0.004045311768509201
2021-07-27,-0.007923405478388634,-0.007355347757781705,-0.004374197824317836
2021-07-28,-0.008001788723696265,-0.007447176653360353,-0.0043156740308225895
2021-07-29,-0.008002441383034964,-0.007433352169729464,-0.004321667808819338
2021-07-30,-0.00803462493440618,-0.00747668335826686,-0.004398795835232656
2021-08-02,-0.008073620982997874,-0.007634963444673986,-0.004598083151093917
2021-08-03,-0.008173601293124746,-0.00783290281877727,-0.004872730617940939
2021-08-04,-0.008219306018635972,-0.007948692515981333,-0.005053644737109648
2021-08-05,-0.008263499844486377,-0.007913500754380123,-0.004993421945540826
2021-08-06,-0.00802592480076969,-0.0075295368982948975,-0.004550069157791024
2021-08-09,-0.00799762347164197,-0.007560186831580129,-0.0046642864565564456
2021-08-10,-0.007989362832154403,-0.007587962785465505,-0.004707311852289608
2021-08-11,-0.007905221279810342,-0.007365762800085798,-0.004503548848146632
2021-08-12,-0.007905877030814997,-0.00732977511459227,-0.004468566124150462
2021-08-13,-0.007862938428774972,-0.007317624873351334,-0.004561557952919935
2021-08-16,-0.007902665669077913,-0.007529710172270181,-0.004836275825293423
2021-08-17,-0.007900480548947516,-0.007401285712002346,-0.004663881331639779
2021-08-18,-0.007937231793449179,-0.007468205102503158,-0.004751373568367092
2021-08-19,-0.0079183616417973,-0.007457227977359748,-0.004794708850047562
2021-08-20,-0.007960151546551062,-0.007512986133318278,-0.00487141957176322
2021-08-23,-0.007940994190893745,-0.007476717423520345,-0.004728179927363807
2021-08-24,-0.007896935209390507,-0.00741725956290844,-0.004696654969399519
2021-08-25,-0.007824657141663569,-0.00719192286529446,-0.004261519499252508
2021-08-26,-0.007752687412144037,-0.006970907724798505,-0.003975559177676162
2021-08-27,-0.007723546007914206,-0.006956851515975693,-0.003958660488537631
2021-08-30,-0.007751859443485756,-0.007082609917702198,-0.004159234983665945
2021-08-31,-0.0076529888429016915,-0.006846197364485507,-0.003929337298819684
2021-09-01,-0.007647790566397767,-0.006804684175047613,-0.0037434332997959754
2021-09-02,-0.007693184055061459,-0.0068799974635188384,-0.003830230506841166
2021-09-03,-0.007600206032738288,-0.006692140356030358,-0.003497512367705693
2021-09-06,-0.007602533513244918,-0.006679332865361056,-0.0035699612668790293
2021-09-07,-0.0074572486898918065,-0.006351405065731202,-0.0030983592615187574
2021-09-08,-0.007406805964332169,-0.00632758699214393,-0.0031151532224958744
2021-09-09,-0.007544410981945317,-0.006549237566051143,-0.0033521543409920796
2021-09-10,-0.007504663276541698,-0.006483237337799799,-0.003304344329611939
2021-09-13,-0.007526492760982915,-0.006473256464206747,-0.0032525454852325277
2021-09-14,-0.0075582360268659655,-0.006476792357176744,-0.0032274079556213666
2021-09-15,-0.0074836248462212904,-0.00632919259325758,-0.0030734802335180733
2021-09-16,-0.007451800822588832,-0.006265000392016326,-0.002823180020789371
2021-09-17,-0.007385584218867942,-0.00613335326839501,-0.00265366005242782
2021-09-20,-0.007587669192190343,-0.006435210279004284,-0.0029946782281073015
2021-09-21,-0.007598248127680034,-0.00654270364668284,-0.0032061461922011825
2021-09-22,-0.00753264230809602,-0.0064204489152908635,-0.0030665393061604985
2021-09-23,-0.007364293694205342,-0.005971226795560672,-0.002565487685477845
2021-09-24,-0.0072351013986583545,-0.005684488663555745,-0.002036116638111065
2021-09-27,-0.007231632600328715,-0.005627086905915899,-0.0020450290080237465
2021-09-28,-0.007139845543304291,-0.005343154167032083,-0.001637617087059744
2021-09-29,-0.007270764135142707,-0.0056763366109050615,-0.0020876891598940396
2021-09-30,-0.007205593344489154,-0.005409455288053393,-0.001701871538638642
2021-10-01,-0.007405819279765104,-0.005795849524646192,-0.0021423926328051524
2021-10-04,-0.007358192666038468,-0.00563571749899951,-0.0018455755261070328
2021-10-05,-0.007373154832039166,-0.005657091230161369,-0.0017926217486982177
2021-10-06,-0.007288828921281862,-0.005530289879205203,-0.0016880086013468442
2021-10-07,-0.007365661190874832,-0.0055843284345853264,-0.0016505405706576548
2021-10-08,-0.007279963923448021,-0.005370933813497132,-0.0013563276531927482
2021-10-11,-0.007115130776491747,-0.0050719615848002775,-0.0010062333427703818
2021-10-12,-0.007002512420270901,-0.004875072301529917,-0.0008425104246715076
2021-10-13,-0.006993801393907397,-0.004940246968995252,-0.0011495294358628571
2021-10-14,-0.007152465809094654,-0.005278427685802933,-0.0016099099421826191
2021-10-15,-0.007063158942470058,-0.005094996503605831,-0.0014232243073177386
2021-10-18,-0.006747413381272667,-0.0047329559291726265,-0.0012700908974551783
2021-10-19,-0.006482065625887967,-0.004245418498041351,-0.0008288839245390189
2021-10-20,-0.006792518114238382,-0.0046913838801540654,-0.0010219148366446707
2021-10-21,-0.006670748661422959,-0.0043599404755322,-0.0007066825583555359
2021-10-22,-0.006539529747519657,-0.004235582140384157,-0.0007611659153862105
2021-10-25,-0.00673690917616621,-0.004507901247073649,-0.0009570201966196379
2021-10-26,-0.0067838710863797405,-0.0045795982213249695,-0.0010959234187904298
2021-10-27,-0.0068445079275864604,-0.004812738719003078,-0.001625704790323481
2021-10-28,-0.0065671316042348995,-0.004420405133852481,-0.0014064487583448138
2021-10-29,-0.006204530610444323,-0.0036989505497118367,-0.0006924170430671284
2021-11-01,-0.006268713299752196,-0.003870703777783531,-0.0008565255640912861
2021-11-02,-0.00694802224707137,-0.004749264905799557,-0.0014774149294416229
2021-11-03,-0.006875023296438476,-0.004675927212156328,-0.0014976304752470871
2021-11-04,-0.007610705963060755,-0.005586075868302558,-0.0021471324398145432
2021-11-05,-0.007678611814891549,-0.005864861567703654,-0.0026545049966018295
2021-11-08,-0.007699792844479969,-0.005888782392740195,-0.0025094293674309976
2021-11-09,-0.007839397339261898,-0.005959794289618628,-0.00282661940461554
2021-11-10,-0.007741501294737438,-0.005655850403390517,-0.0025761954973286196
2021-11-11,-0.007588925586573714,-0.005319147501537858,-0.00216510950234285
2021-11-12,-0.0079376272801374,-0.005678558287114357,-0.002432833755315831
2021-11-15,-0.007783003925566611,-0.005544884399572867,-0.0023543978325765292
2021-11-16,-0.007989809301312488,-0.005628768274818663,-0.0022850299790552952
2021-11-17,-0.007954490169719502,-0.005627415022679552,-0.002314999498417496
2021-11-18,-0.008053769728093692,-0.005701254809143581,-0.002502216224050904
2021-11-19,-0.008352859173976488,-0.006308064758327561,-0.0032062525283022537
2021-11-22,-0.008266478396747016,-0.006227495831208807,-0.0031269826789887835
2021-11-23,-0.008066083178652383,-0.005620291725122675,-0.0023013932066918087
2021-11-24,-0.008137260172293081,-0.005563042265262275,-0.002025087038772262
2021-11-25,-0.007937782644770847,-0.005609858133304133,-0.002403029117318045
2021-11-26,-0.008236519019145953,-0.006269821125836033,-0.0032009846429599167
2021-11-29,-0.00800780385970775,-0.006001410159855319,-0.0028921619534998345
2021-11-30,-0.00815302296062935,-0.006371053250208285,-0.0035004979599567634
2021-12-01,-0.007706538701269614,-0.005804853158530765,-0.0032188403061194438
2021-12-02,-0.00797002526675178,-0.0062464811203885254,-0.003671109809449886
2021-12-03,-0.007777108271390292,-0.006063020995734676,-0.0035345974883889486
2021-12-06,-0.007801502046549125,-0.006282757654018574,-0.003764084905704945
2021-12-07,-0.0075429311342601404,-0.006000645267704119,-0.003625682418994769
2021-12-08,-0.007338073859538166,-0.00558806639917814,-0.003194987668384299
2021-12-09,-0.0074885311222318805,-0.005996091799506846,-0.0034795786254290073
2021-12-10,-0.0073837033254321805,-0.005911437174222165,-0.0034021770533930874
2021-12-13,-0.007294249648180999,-0.006057080408011912,-0.003587044431052315
2021-12-15,-0.0071881509708305825,-0.005913151899230753,-0.003437778757591761
2021-12-16,-0.0072733674499347156,-0.005949178163552658,-0.003319499373767507
2021-12-17,-0.0074853856430524114,-0.006187716733188431,-0.003604547244277594
2021-12-20,-0.007525318798806148,-0.006218385127825417,-0.0035161929542740157
2021-12-21,-0.0073598554899693535,-0.005847549909855392,-0.002984542757639228
2021-12-22,-0.007231278751523309,-0.005493016815478784,-0.002737624510298655
2021-12-23,-0.007059900726584725,-0.005272855629825543,-0.0024024063947704864
2021-12-24,-0.007093807846341704,-0.005278986768285838,-0.0024016201998528787
2021-12-27,-0.006975704336495276,-0.0051599923716448125,-0.002335021606368932
2021-12-28,-0.006924155424668954,-0.005130039671137934,-0.002313995748412405
2021-12-29,-0.006908961536381781,-0.004932063942061733,-0.002001411477556085
2021-12-30,-0.006769596447303683,-0.004774686150634184,-0.001881837312776673
2021-12-31,-0.006791412595704998,-0.004786520642486902,-0.0018849970530697392
2022-01-03,-0.006559376363513904,-0.004370044789930754,-0.0012313716939961906
2022-01-04,-0.006638086099788518,-0.004334981588650719,-0.001158978985177299
2022-01-05,-0.006475092857009637,-0.004219179909026485,-0.0010726679781687886
2022-01-06,-0.0063123395959008115,-0.003981812753344758,-0.0008627954773406409
2022-01-07,-0.006250582636624391,-0.003821476594087061,-0.0007159505532540011
2022-01-10,-0.006135119868152242,-0.0036179024476800815,-0.00045805122758576735
2022-01-11,-0.006066184538571995,-0.003547332901969882,-0.0004181309234760766
2022-01-12,-0.0062531946325656,-0.0037968987849799785,-0.0007056076646182019
2022-01-13,-0.0062488214683245145,-0.0038308296405834817,-0.0009366706739895214
2022-01-14,-0.0062357040448699054,-0.003685539936727662,-0.0007483302526162916
2022-01-17,-0.00602419054430118,-0.003351776705546352,-0.00040291024262994134
2022-01-18,-0.006091201808607028,-0.003380825460542045,-0.0003854087081166613
2022-01-19,-0.006046993836195562,-0.0032160136942933092,-0.00012240771180540566
2022-01-20,-0.006159522652135672,-0.003399626887043139,-0.0004150556677882911
2022-01-21,-0.006414681604292305,-0.00378951851518992,-0.0007952481892906249
2022-01-24,-0.006679475437076472,-0.0041372725653231555,-0.0010202032706798868
2022-01-25,-0.006759778570166484,-0.004130908197997618,-0.0009313395470928177
2022-01-26,-0.0066039361218480285,-0.003874621315249587,-0.0006607480694311807
2022-01-27,-0.006361883070775249,-0.0035672211157635214,-0.000527107771150992
2022-01-28,-0.006226717661571399,-0.0033756718023087062,-0.000329721800991174
2022-01-31,-0.005723570248265979,-0.002670028331051153,0.00027558640324989005
2022-02-01,-0.0056691127343545976,-0.002498151784794067,0.00042502828509172197
2022-02-02,-0.005529669060560485,-0.0022425351373005897,0.0005423948652914845
2022-02-03,-0.0046452188303927585,-0.0009644084528793995,0.0013462577481329397
2022-02-04,-0.003622726529045721,0.00017093412865770485,0.0019547986658119965
2022-02-07,-0.003527596155932522,0.00048683798448864393,0.002450817197152626
2022-02-08,-0.0036507713076359806,0.0006364990051368613,0.0028858596986834372
2022-02-09,-0.004123902532709223,8.699738648445976e-05,0.0025032079945952247
2022-02-10,-0.003966983951060841,0.000422265393966712,0.0028168951602245353
2022-02-11,-0.0038284414146708247,0.0005335059553990273,0.002856751283727308
2022-02-14,-0.004279352906222389,0.00017839763482684567,0.002770706769054443
2022-02-15,-0.004013934968713242,0.0006809621699950918,0.00347856242644665
2022-02-16,-0.004308901631136353,0.00020063369681116771,0.0030820829039977203
2022-02-17,-0.004602262721458929,-0.0001619584383342554,0.00279857742718842
2022-02-18,-0.005043540215882567,-0.0006721808373141913,0.002494797631292551
2022-02-21,-0.0050517362154417714,-0.000711757575083154,0.0023826149987821645
2022-02-22,-0.0042045072380644125,0.000260446712485507,0.0031354291826538173
2022-02-23,-0.004055933888167345,0.0003860669347246981,0.002986959648035088
2022-02-24,-0.004694515593699333,-0.0004885660482623333,0.002108888911402096
2022-02-25,-0.004437749480296711,-0.0001371989265099227,0.0026436894609661097
2022-02-28,-0.005354174156368479,-0.001129913931110056,0.0021518896224330276
2022-03-01,-0.006965438763221039,-0.003269916055755249,0.00032672876774155315
2022-03-02,-0.0063958481383755835,-0.002983068354863683,0.0003137880019193551
2022-03-03,-0.005785847097316048,-0.0022024057080979585,0.000986786501245822
2022-03-04,-0.007239300362136691,-0.003838658087986886,-0.0002795381720952639
2022-03-07,-0.006800927184720482,-0.003316193665567204,0.0002573500056609879
2022-03-08,-0.006115725485694394,-0.0022262893208516796,0.001554406073608363
2022-03-09,-0.005363091734110639,-0.0011380980867809142,0.0024481196811350792
2022-03-10,-0.004584350707006255,-7.048749068950145e-05,0.002864708298911778
2022-03-11,-0.0041928241203787395,0.00033133385321386654,0.003092364878513936
2022-03-14,-0.003906481102744199,0.0008653823478364586,0.0037664678978774967
2022-03-15,-0.004377377466646664,0.00045582092761529134,0.003734059982155764
2022-03-16,-0.004145261895389907,0.0008975462371647769,0.00414851277457978
2022-03-17,-0.003920460641525141,0.0012246267378436437,0.004171477004904327
2022-03-18,-0.004079214777089608,0.0010100673342450328,0.003987490696338296
2022-03-21,-0.0036956217317789266,0.0015767138506783507,0.004700392128342219
2022-03-22,-0.0029401451625425336,0.002580837859549261,0.005377128375407272
2022-03-23,-0.003092066847639732,0.0023692074812390685,0.005160196143824851
2022-03-24,-0.0026763037681502323,0.002815870858087317,0.005412645673782679
2022-03-25,-0.0021044039266106653,0.0034906242631803286,0.0059552679411475325
2022-03-28,-0.0015623105086880473,0.0038222778140233693,0.005971230811923866
2022-03-29,-0.0009527091921344732,0.0042154439253012385,0.006266184869236298
2022-03-30,2.6723205705239116e-05,0.005363923895261993,0.007262616727631478
2022-03-31,-0.0008602113168126113,0.004234160256649233,0.006178605132498334
2022-04-01,-0.0007371098653509601,0.004401905203655145,0.006376400881998646
2022-04-04,-0.0012065231838304324,0.0037033394040015466,0.005638212015520495
2022-04-05,-0.0008810390621844854,0.0042839095927913635,0.006327003093497094
2022-04-06,-0.0005040104659832067,0.004981689362372626,0.007140711588298412
2022-04-07,-0.0002482353377783131,0.0052597268159299635,0.007409598334456972
2022-04-08,2.1181412016524347e-06,0.005391406062208031,0.007424052427419571
2022-04-11,0.0009249688111261589,0.00648595635014777,0.00850064254330271
2022-04-12,0.00042504981684339695,0.006130891112177179,0.008294428533612078
2022-04-13,0.000333275134807316,0.005980119681497389,0.008205670789444383
2022-04-14,-5.076313818085598e-05,0.0061342136766104225,0.008707334274214256
2022-04-19,0.00032680158574529996,0.006992888591204378,0.009807274043125883
2022-04-20,0.00019120164384633486,0.006348378822413363,0.008896841718001853
2022-04-21,0.0011138688818024224,0.00696199453325379,0.009212113466391624
2022-04-22,0.0022715352683892486,0.007799191856680203,0.009770826093159875
2022-04-25,0.0012955430696050207,0.00686085515835956,0.008994141718209822
2022-04-26,0.0011332244843718442,0.006599320651477736,0.008694127661480781
2022-04-27,0.000595690481821527,0.006213784013049621,0.008505607052257547
2022-04-28,0.0014334363002364192,0.007190141650607249,0.009421926942053708
2022-04-29,0.0021353195271895096,0.007439108159524885,0.009394447549795603
2022-05-02,0.001837790842289686,0.007769256446546047,0.010119890024793637
2022-05-03,0.0018326223805179653,0.007413274952821034,0.009550001214476779
2022-05-04,0.0025229034068764778,0.008215489167409978,0.01032893597061021
2022-05-05,0.0022561453947888177,0.008120135305672347,0.010355991505275892
2022-05-06,0.0030343135739167824,0.009036523038056372,0.011278758557890279
2022-05-09,0.0022244485795968093,0.008779993185886872,0.011537167684881772
2022-05-10,0.0014593637401675696,0.007796445123514153,0.010557905071782295
2022-05-11,0.0012853990829836447,0.007807416162460776,0.010796898595157955
2022-05-12,0.0001997086372800272,0.006145791821670397,0.009324975593406679
2022-05-13,0.0009847643672958207,0.007005243620004071,0.009979926607765761
2022-05-16,0.0009572279860201505,0.006950132806332183,0.010020727330936592
2022-05-17,0.002332090002313305,0.00837907794550196,0.010901069751904715
2022-05-18,0.0030096626869477337,0.008699439207638451,0.010871904846650078
2022-05-19,0.0023105516359215182,0.007756486791527655,0.00989518819453654
2022-05-20,0.0020435257278012386,0.00784673774079471,0.010349083261877431
2022-05-23,0.0022221131099830504,0.007988041875776033,0.010471122875579322
2022-05-24,0.0024816747482567926,0.008295702911580424,0.010725377450287258
2022-05-25,0.0018289442491450992,0.007671138798386905,0.010414462283883692
2022-05-26,0.0013838508983545505,0.007338802083992672,0.010749233990747254
2022-05-27,0.0016985345265658224,0.0073106671734543705,0.010513767180138625
2022-05-30,0.0028009031202925793,0.008869333118931358,0.011630238702072169
2022-05-31,0.003577958329266786,0.00967474574001733,0.012196374068344555
2022-06-01,0.0032553722020750796,0.009442219945660581,0.012312569193821059
2022-06-02,0.004658892760065525,0.010814618043296247,0.013220991272483513
2022-06-03,0.004967912223999766,0.011156514013301113,0.013546440778384157
2022-06-06,0.005317709717792423,0.011445246298668008,0.0138155388687104
2022-06-07,0.00521797901802723,0.011342134461825512,0.013720566981310682
2022-06-08,0.006079255148787319,0.012123094085641953,0.014345794266506008
2022-06-09,0.007529191688977015,0.012983480696289658,0.014881532478251698
2022-06-10,0.008736798606327709,0.013630811256955559,0.015283740791613952
2022-06-13,0.010517982973762573,0.015056811298278548,0.016577866441601374
2022-06-14,0.011079259290143958,0.015876173473240045,0.017486188964393516
2022-06-15,0.010673652802534512,0.01547101271817276,0.01708373252710528
2022-06-16,0.011474280494847658,0.016777351742551416,0.01860260125585029
2022-06-17,0.01075471824739418,0.015464213257883186,0.017825017967271574
2022-06-20,0.011034486636097345,0.015453830428005442,0.018018568392585154
2022-06-21,0.010812423879450916,0.015729587615167132,0.018303634168625706
2022-06-22,0.009802818496975903,0.01439044896673547,0.016916707757153232
2022-06-23,0.00782891247822028,0.011591120938659097,0.014888644354803917
2022-06-24,0.008394502349136216,0.012493717450004821,0.015846780224807105
2022-06-27,0.008496721081427551,0.01287068012450903,0.01601321203516477
2022-06-28,0.009224681847355996,0.01406469426199283,0.01728305917484093
2022-06-29,0.008995320097198637,0.013245688359342376,0.016572563742607117
2022-06-30,0.006429685731460477,0.011055499780526286,0.014984395024541595
2022-07-01,0.005038708023308338,0.009576062926258976,0.014044935970760699
2022-07-04,0.006098044569218812,0.010331556297158566,0.014500855079014472
2022-07-05,0.004374668734716947,0.008977837102919576,0.013359816612765633
2022-07-06,0.003569876804532379,0.007871381788639505,0.012520810364127007
2022-07-07,0.0049279249249422905,0.00925981872334387,0.013637915335368957
2022-07-08,0.0047186989692107675,0.009429012793269369,0.01373487403218105
2022-07-11,0.004038580007337751,0.008647735611490003,0.013262619371104874
2022-07-12,0.00293818994727552,0.007482207403722514,0.01188337429298218
2022-07-13,0.003857500826295407,0.00837995646359297,0.012637967168845847
2022-07-14,0.005023355094984915,0.008979921081586639,0.012636008276389698
2022-07-15,0.00445794826058272,0.008394439985693732,0.012206008942091243
2022-07-18,0.004887826033157135,0.009154849395779856,0.012911218784668601
2022-07-19,0.005716304530668107,0.00975144128626266,0.013183965226580304
2022-07-20,0.005409764075454857,0.009697655340528888,0.013020400368616824
2022-07-21,0.005829219344370367,0.01020535547489442,0.013546979266927923
2022-07-22,0.0038776300661906983,0.007683520544405251,0.01100348140245046
2022-07-25,0.004241851904738203,0.00792922769353547,0.011594895227176516
2022-07-26,0.0030926991207634647,0.006430339310302591,0.010099462673032428
2022-07-27,0.0035142295868338903,0.006675201419304591,0.010222210639902966
2022-07-28,0.0022798995721955164,0.005028844965641142,0.00895554261778805
2022-07-29,0.002543910607748883,0.005513337349658584,0.009285120977525079
2022-08-01,0.002062104626908461,0.004804126805086621,0.008500118733517295
2022-08-02,0.0023467542470575163,0.00462850280466899,0.008329552829008375
2022-08-03,0.003457380873305089,0.0059422129652672954,0.009255822947200025
2022-08-04,0.0031596308463691792,0.005322839569168982,0.008811183128928172
2022-08-05,0.00430584908970558,0.0064959294387616495,0.009655672822496743
2022-08-08,0.00392520218158574,0.006128368402555111,0.009414788560407738
2022-08-09,0.004593522948865773,0.006873626086637569,0.0101087570882033
2022-08-10,0.004009288006593223,0.006161498399820546,0.009400150970600554
2022-08-11,0.004297783408322031,0.006589943489348045,0.010058343118643918
2022-08-12,0.004472355062487843,0.006824983604108868,0.01036432717911
2022-08-15,0.004368989823936386,0.006783298864103031,0.009765341543768829
2022-08-16,0.004741722948702058,0.007122620813782241,0.010566580863644521
2022-08-17,0.006364130651496627,0.008384938096154499,0.011376288205659262
2022-08-18,0.00667685743619475,0.008710831478991352,0.011587731159949675
2022-08-19,0.007322906271220644,0.009805145417936983,0.012943268073026863
2022-08-22,0.007977765397950237,0.010480474342959728,0.013368816418153266
2022-08-23,0.00824596071427095,0.011197449447440366,0.014136670721554494
2022-08-24,0.008442686900836867,0.011498628419266197,0.014417640801554464
2022-08-25,0.007731331466604079,0.010930558290036307,0.014229719599473691
2022-08-26,0.008822836426417825,0.011871071962997836,0.01517125191268235
2022-08-29,0.009687377921993433,0.013017090879748512,0.016057037105909503
2022-08-30,0.009910933484952587,0.01297238713794023,0.015329349273079823
2022-08-31,0.010755895221438924,0.01364827344480342,0.01571382059522819
2022-09-01,0.01071420116302356,0.013816842597437198,0.016374362950548536
2022-09-02,0.00978366094840494,0.012701905593695457,0.015440424780596556
2022-09-05,0.010062735216574241,0.013560211546768307,0.01629225267260784
2022-09-06,0.01001828262410104,0.013413072392008285,0.016822264297143997
2022-09-07,0.008827529867824424,0.01336119406076889,0.01615695937695056
2022-09-08,0.010085898110864164,0.014013091839457759,0.01669993818161332
2022-09-09,0.011944739168797564,0.015022396721931414,0.01748031891349503
2022-09-12,0.012029409655619787,0.014647475299503228,0.017101703681378547
2022-09-13,0.012885520518595577,0.01564900587847232,0.017784639540540544
2022-09-14,0.013030152924592215,0.015999984372360217,0.017889513143332224
2022-09-15,0.013754707982924606,0.016094324286726584,0.017660693854223097
2022-09-16,0.014520247492905076,0.017045927086680512,0.018200708250695266
2022-09-19,0.014609124317361895,0.016958651309851053,0.018447143294710852
2022-09-20,0.016138090171454077,0.018402490031181835,0.01984118966152237
2022-09-21,0.016210382486708797,0.018037545699866108,0.019139652591579667
2022-09-22,0.01747941824640474,0.01903186747687069,0.0199262308737417
2022-09-23,0.01814676878532034,0.019554069756701254,0.020150525783280634
2022-09-26,0.01868977705683478,0.02026670788783916,0.02092629043945399
2022-09-27,0.018867192043588565,0.0208018591162326,0.02182902996637207
2022-09-28,0.01778489176985148,0.020373831290254146,0.021953630545975957
2022-09-29,0.017967836028619483,0.020869088714855214,0.02252502887725718
2022-09-30,0.01666218629263229,0.019531034424616275,0.021347734803807042
2022-10-03,0.016021755567912896,0.018463458670257712,0.020446937130494645
2022-10-04,0.014885984061504232,0.017266293867774948,0.019360584837570124
2022-10-05,0.0155954502423572,0.01821217219145841,0.02039070883668442
2022-10-06,0.017044343200207604,0.018970658355207982,0.02150407188219638
2022-10-07,0.01795358400889012,0.020027052269064826,0.02278110272844579
2022-10-10,0.017649356967305192,0.01998963695142907,0.02308000918558733
2022-10-11,0.018418460361551314,0.021016519824563797,0.024509962186279273
2022-10-12,0.01808553386016209,0.020867258681568406,0.024954481302335674
2022-10-13,0.018664951735060963,0.020928884445310866,0.024518895533362558
2022-10-14,0.01832240082943827,0.020191555538683868,0.023909187555657904
2022-10-17,0.018506720095265786,0.020147525938975907,0.023752770721052804
2022-10-18,0.019037067953834336,0.020406723173925202,0.023649471460617782
2022-10-19,0.02038661790069524,0.021649311275456287,0.02443987972632435
2022-10-20,0.02095670331544454,0.0221389463060363,0.02507453193890448
2022-10-21,0.02058615316587561,0.022115984229257694,0.025453658067551062
2022-10-24,0.019923679676098607,0.021082658736507526,0.02419957817957787
2022-10-25,0.01941044667170163,0.02020430929423675,0.02286171709818138
2022-10-26,0.01940309370631436,0.019982381218572837,0.022672236343736843
2022-10-27,0.018644542593872965,0.01888205667428749,0.021648593546966497
2022-10-28,0.018698075731858242,0.019148856860930895,0.02184664819909778
2022-10-31,0.019202924618193094,0.019804708873110085,0.022391387491331124
2022-11-01,0.018869579955011612,0.019634699975975684,0.022536628539986836
2022-11-02,0.018972637618865543,0.019741483749172978,0.02234079288009585
2022-11-03,0.01966152853341309,0.020863405577678372,0.023421246873037607
2022-11-04,0.020325129604837143,0.02126095777757313,0.023707304229652674
2022-11-07,0.02103372136231835,0.0218386815600383,0.024263254933335764
2022-11-08,0.02130112955056374,0.021894044708543677,0.02389448306372367
2022-11-09,0.021301129550563652,0.021894044708543583,0.023894483063723583
2022-11-10,0.019723529416909632,0.0203612813973543,0.021459360958664395
2022-11-11,0.021101425624250027,0.02062441696460663,0.0224068921703696
2022-11-14,0.02087091098942852,0.020275292419533422,0.02208730794106416
2022-11-15,0.021014146577584575,0.020334143250384164,0.021885018253873578
2022-11-16,0.020840086614993057,0.019869024923447793,0.021005971123745377
2022-11-17,0.020612989488610168,0.019906985301282487,0.02136140125611406
2022-11-18,0.02018950084966263,0.01968813025181031,0.02111657762016943
2022-11-21,0.02004777555905578,0.019386604613046813,0.02060945912390832
2022-11-22,0.020457049057857547,0.01971672093030582,0.020766069014188312
2022-11-23,0.020584494834149383,0.019665598455226172,0.02005300623155428
2022-11-24,0.02004722711900357,0.01877469817247697,0.019151664586497988
2022-11-25,0.020954918863775634,0.01974616156351637,0.02033214494573974
2022-11-28,0.02078470592703055,0.01992632671392157,0.020604237064610294
2022-11-29,0.02000685294735888,0.019311989616196516,0.01993549346460935
2022-11-30,0.020378229449647428,0.01959183740223314,0.019939423217948185
2022-12-01,0.01922140242759317,0.018322031397745697,0.018817874448346837
2022-12-02,0.01957771136629288,0.01865568257193211,0.019049654032906472
2022-12-05,0.01990850016047067,0.018875476711229435,0.019170590334828683
2022-12-06,0.019406936410728114,0.018302793192854962,0.018604547473419174
2022-12-07,0.019062551009806156,0.018005076802858483,0.0185031017968903
2022-12-08,0.01929789257221064,0.018261389015111908,0.018799560373123126
2022-12-09,0.02031453341217061,0.0192567590722851,0.019767511755133582
2022-12-12,0.020350246697818028,0.019195598755047266,0.019485726752460915
2022-12-13,0.019767289639652828,0.018817826324989906,0.019347812882980646
2022-12-14,0.01987990765742115,0.01930595481803977,0.02009708006502586
2022-12-15,0.0215306390863348,0.01978569208147707,0.020809908588973868
2022-12-16,0.023530459862640858,0.022130094571815313,0.022415562437179522
2022-12-19,0.023176650153673838,0.02208580498088794,0.022754029100409884
2022-12-20,0.023842690999251674,0.022905212985336997,0.023612178080033925
2022-12-21,0.023820105554882284,0.022962993902963778,0.023599884455004504
2022-12-22,0.02449677649324509,0.023753166039160813,0.024420785850656303
2022-12-23,0.024879402870114677,0.02414543567437333,0.024643118742409355
2022-12-27,0.024920564331104175,0.024308587428134035,0.025010535762647668
2022-12-28,0.024961170374074648,0.024319404718911444,0.025220425511025185
2022-12-29,0.025110023221870562,0.024229442479586784,0.025267047773509126
2022-12-30,0.02565336451215762,0.024509074252665516,0.025553135763469653
2023-01-02,0.025829542998750055,0.02443439034125499,0.025182541193176988
2023-01-03,0.02546283778786453,0.023788291871879638,0.024382219286823593
2023-01-04,0.024830089645061292,0.022906470143848553,0.023543646639454043
2023-01-05,0.025383481512088125,0.02361702348150718,0.024157429671115435
2023-01-06,0.025195635795047307,0.02311518688968102,0.023642917157261644
2023-01-09,0.024683140364569284,0.02301506703172143,0.023495358163380536
2023-01-10,0.025165209866934993,0.023269583248481055,0.02359179639439585
2023-01-11,0.02490685499222022,0.02253515051812257,0.022636079333908835
2023-01-12,0.024353470700411144,0.02206111815768414,0.022037475683719117
2023-01-13,0.024178437954723662,0.021800295205551393,0.02170443058846556
2023-01-16,0.02433451054475837,0.021790134661586386,0.021984303733571405
2023-01-17,0.024180513410478062,0.02172734106241585,0.021869190719559287
2023-01-18,0.022841627110997468,0.020662094242703218,0.020324374906750133
2023-01-19,0.023732918577247273,0.020996701131488705,0.0208729232802771
2023-01-20,0.024418335055022476,0.021839051524657878,0.02196191131302154
2023-01-23,0.024509491157903195,0.022166546744855468,0.022418412593930962
2023-01-24,0.024689109028018442,0.022274441702074963,0.02238985335221025
2023-01-25,0.02383698149213637,0.021434942824320444,0.021634176288384453
2023-01-26,0.024300652628996878,0.022140765980977296,0.022265868606240614
2023-01-27,0.02471055684076287,0.022641659762248675,0.022928506476499026
2023-01-30,0.02543510404967572,0.02322220478227675,0.023215959950207234
2023-01-31,0.025071773696943894,0.022894581780535276,0.023217468290096507
2023-02-01,0.02523092110729766,0.023121450728505674,0.023205513555404435
2023-02-02,0.024115555678889424,0.02199795810572021,0.022048234669897943
2023-02-03,0.024148278319108263,0.022101138488019485,0.02223965726290803
2023-02-06,0.024683538902568105,0.02280752733155513,0.023212550429795087
2023-02-07,0.024972408966526086,0.023219706299546446,0.023391587843849003
2023-02-08,0.025893589029066175,0.023749945830205316,0.023855033200027683
2023-02-09,0.025508368316472144,0.023167277404494757,0.02324127957516212
2023-02-10,0.026244977897457045,0.02379738691553089,0.0239608248577462
2023-02-13,0.026756665027041292,0.024125302183242988,0.02406919030818028
2023-02-14,0.027505892299672565,0.024770243516430833,0.024624399335994626
2023-02-15,0.027467068493087464,0.025065205911847944,0.02501264310923427
2023-02-16,0.027819962242555726,0.025707419583400837,0.025759667539916337
2023-02-17,0.02753165841778893,0.025115735406668508,0.025105741455360597
2023-02-20,0.02756359997525653,0.02498805761408339,0.02487782138619118
2023-02-21,0.028502222654765177,0.026264178058524407,0.025948665318435933
2023-02-22,0.028201186090686052,0.025893939785457887,0.025754450645752484
2023-02-23,0.02812225332855386,0.02560733507806209,0.02546118410631453
2023-02-24,0.029392259172414486,0.026547060437045706,0.02593268515931665
2023-02-27,0.02955940428720977,0.026655652980694812,0.026205501333041167
2023-02-28,0.030819028976254853,0.02801031371168854,0.027593967440187765
2023-03-01,0.03107496639510386,0.02800068206504322,0.02743558257999495
2023-03-02,0.03092462369186412,0.028102847909548215,0.027885145932242953
2023-03-03,0.031235908566897425,0.028057095814537688,0.02761844112868192
2023-03-06,0.032125573747170504,0.02881660369239119,0.028053553887459098
2023-03-07,0.03165240311941172,0.028018903937193265,0.027393520835294182
2023-03-08,0.03193923108635078,0.028126150824393795,0.027013173288647958
2023-03-09,0.03166973721152225,0.028069020763252305,0.027184848371954805
2023-03-10,0.029391974219533577,0.026031810373269702,0.025254087346200476
2023-03-13,0.025829245451242037,0.022935317034849193,0.02297744556190855
2023-03-14,0.028504683261661178,0.025347778531520336,0.02516178106187451
2023-03-15,0.024157954055747447,0.022222941144036935,0.022515356686146338
2023-03-16,0.024729174732066605,0.022479938379552377,0.022711308220799035
2023-03-17,0.02369973346543386,0.021674576225293514,0.021946188355104233
2023-03-20,0.022723030397636002,0.021083149382660017,0.022058997607419206
2023-03-21,0.024551119661234952,0.022663529658111817,0.023325887667031343
2023-03-22,0.026379975983530743,0.024018599124023387,0.024376814186145727
2023-03-23,0.024841834609511032,0.022464950870405963,0.023196626736009075
2023-03-24,0.023040471855891552,0.02099508834785351,0.02204084023237307
2023-03-27,0.024779187277228068,0.02255868536048327,0.02348881150064657
2023-03-28,0.024857530868427423,0.022630418460260922,0.023509946419426428
2023-03-29,0.025414309432926697,0.023158947991938433,0.023953673871342236
2023-03-30,0.026657864794138647,0.0239474049990871,0.02448975026312797
2023-03-31,0.026178698624258402,0.023535880522417018,0.024053734039225585
2023-04-03,0.026273474139960062,0.023396817430383906,0.023870350652699122
2023-04-04,0.02635611944460819,0.023577092019814685,0.024151327410116035
2023-04-05,0.025015018310474712,0.02235879421933426,0.023030208254553854
2023-04-06,0.024693855880900274,0.02189220030910026,0.022507279677843522
2023-04-11,0.026219386796213738,0.02333715230318485,0.023845092779626337
2023-04-12,0.026898515579233964,0.023892595963760616,0.02435996832578673
2023-04-13,0.026758730124022394,0.023872807481290365,0.024437101043278554
2023-04-14,0.027721003136868424,0.02441188354153654,0.02472042030647635
2023-04-17,0.027942991253006495,0.024812686030650934,0.025477121132204888
2023-04-18,0.028027190806913023,0.024765003407791548,0.025510986395686084
2023-04-19,0.02876840210382918,0.0253490804738893,0.02590685961890101
2023-04-20,0.028369815110996784,0.025011711530798425,0.025733433850969538
2023-04-21,0.028448744048913434,0.025098479211864456,0.02584085999585133
2023-04-24,0.028732306526678977,0.02522310369226034,0.025869481470940047
2023-04-25,0.02765111287626422,0.024345530104256833,0.02505199817529581
2023-04-26,0.026950072587995644,0.023697497080768747,0.024638241347235308
2023-04-27,0.027512450355515215,0.024432373660491863,0.02526644670195402
2023-04-28,0.026848043965691053,0.023704337532024323,0.0244444454302699
2023-05-02,0.026927415498791043,0.023686436699920682,0.024481276767443272
2023-05-03,0.02563151661274414,0.022486821796432563,0.02344989810855426
2023-05-04,0.025553335300283496,0.02256379797801447,0.023586600249053947
2023-05-05,0.025031414451536938,0.0224594268618135,0.023848229445658987
2023-05-08,0.025678561174972647,0.02291519770196512,0.02424054778476
2023-05-09,0.025728564059632548,0.02291237368070024,0.02424662062081823
2023-05-10,0.025129548023184397,0.022423635634825512,0.023834451856299198
2023-05-11,0.024625312293756498,0.021748360478744802,0.023055688137903346
2023-05-12,0.025155727016596314,0.022144081919150353,0.02343937983270325
2023-05-15,0.025446029134814304,0.022582593363087926,0.024043196166894695
2023-05-16,0.02561432719568333,0.022732235431858875,0.02421305039856424
2023-05-17,0.026000707891195223,0.02297998005850764,0.024280734692060865
2023-05-18,0.0267928689239477,0.023713777052424674,0.02517093697814986
2023-05-19,0.027471737737000002,0.024480870138,0.02574757246
2023-05-22,0.027279288532,0.024452070507,0.025547422271
2023-05-23,0.027872740983,0.024967208849000003,0.025572139941
2023-05-24,0.027467516756,0.024314969981000002,0.025357380252000003
2023-05-25,0.028093492376000003,0.024832451816000002,0.025851148774
2023-05-26,0.028494210987,0.025281984956,0.026225550772
2023-05-29,0.028356765135000003,0.024836750772,0.025418197439
2023-05-30,0.027775186808,0.023973641905,0.024603335071
2023-05-31,0.026441031237,0.022850256630999998,0.023837639733999997
2023-06-01,0.026218620709999998,0.022657758299,0.023525142584
2023-06-02,0.027101764811,0.023199306095,0.023991278931
2023-06-05,0.028103150572,0.024161308827000003,0.024795904910000003
2023-06-06,0.027772506473999998,0.02372899333,0.024666990139
2023-06-07,0.02814904492,0.024144955383000002,0.024775996926
2023-06-08,0.028156737674,0.024248283500999997,0.025008032136999998
2023-06-09,0.028517067479999998,0.0243537318,0.024973687502000002
2023-06-12,0.028282479493,0.024150210504,0.024729858263
2023-06-13,0.02879761289,0.024529696405000002,0.024993327518
2023-06-14,0.029274793647999998,0.025117455761,0.025475095593
2023-06-15,0.029810342345,0.025353623034999998,0.025361437389
2023-06-16,0.030461809705,0.025702677145,0.025521340864
2023-06-19,0.030491716145,0.02607042917,0.02589633066
2023-06-20,0.030586385716999998,0.025606260579999998,0.025060306180000002
2023-06-21,0.030874790329,0.025592231399,0.025167563336
2023-06-22,0.031331520191,0.026046462476999998,0.025519367845
2023-06-23,0.030262011383999997,0.024712579523,0.024134357814
2023-06-26,0.030240954207,0.024668884633,0.024126217121
2023-06-27,0.030181871169,0.024465540014,0.023751722746
2023-06-28,0.030438746421,0.024839382149000003,0.024030967939
2023-06-29,0.030941406989,0.025270914785,0.024574849868
2023-06-30,0.031194082381,0.025754168881999998,0.025070983224
2023-07-03,0.031278154899,0.025731941818,0.024839268966
2023-07-04,0.031379404893,0.025989166632,0.025098375535000002
2023-07-05,0.031022951761000003,0.02586687225,0.025176156948
2023-07-06,0.032281563247,0.027187995003999998,0.02647373604
2023-07-07,0.031791189338,0.027273449918,0.026907802964999998
2023-07-10,0.031796892627,0.027432357004,0.027256122132999997
2023-07-11,0.032061389059,0.027536985517,0.027318971902000003
2023-07-12,0.031939926581,0.027340212151,0.026826236171
2023-07-13,0.030970746443,0.02628414276,0.025723437997
2023-07-14,0.030844499382000002,0.025724447624,0.025263080146
2023-07-17,0.031144875226000002,0.025870264157,0.025379481465
2023-07-18,0.029994428532000003,0.024737191663,0.024392947598000002
2023-07-19,0.030135869229000002,0.024829430229999998,0.024601343080999996
2023-07-20,0.031096135054,0.025818382767000003,0.025317575205999997
2023-07-21,0.030692936147999998,0.025327463786000003,0.025046864024
2023-07-24,0.030134729353,0.025227342317999998,0.025058932842
2023-07-25,0.030261300337999997,0.025127658863,0.024953210537
2023-07-26,0.031032051396,0.025770894314000002,0.02532469516
2023-07-27,0.030132001127999998,0.025150125845,0.024930874937
2023-07-28,0.030319643724,0.025371039021000002,0.025420333973
2023-07-31,0.030155475323999998,0.025346553551,0.025434072241
2023-08-01,0.030373738202,0.025404217309,0.025450256148000002
2023-08-02,0.029597561893,0.025211132688,0.025697675859000003
2023-08-03,0.029364916411,0.025637777123999998,0.026633518518999998
2023-08-04,0.029998271575,0.026097613054,0.02663754606
2023-08-07,0.029500983445000004,0.025704441125,0.026592784724
2023-08-08,0.028769242493,0.024704250512,0.025236080032
2023-08-09,0.029263636467,0.025104924104,0.025678933482
2023-08-10,0.029381063930999998,0.025225553600000002,0.025782225133000002
2023-08-11,0.029688141510000002,0.025954019742,0.026884603793999998
2023-08-14,0.030002788884,0.026116091379,0.026924764114
2023-08-15,0.030593355164,0.026737599940000002,0.027492159061
2023-08-16,0.030305812298,0.026496553772,0.027263347302
2023-08-17,0.030497014785,0.02676504078,0.027599443482
2023-08-18,0.029635257789999998,0.02610450166,0.027153016552000003
2023-08-21,0.030394879713,0.02660707345,0.027498040078
2023-08-22,0.030446173245,0.026507097827,0.027348478192
2023-08-23,0.02934804265,0.025112677059999998,0.025961695834
2023-08-24,0.029513054485999998,0.025330692227,0.026010297108999998
2023-08-25,0.029918215004,0.025605192108,0.026219908077
2023-08-28,0.030095787621,0.025715008615,0.026346870167000002
2023-08-29,0.030461419089000002,0.025943097202000002,0.026397873111
2023-08-30,0.030078964075000002,0.025440322922,0.026075873919
2023-08-31,0.029548772685000002,0.025164739859999997,0.025706069449000002
2023-09-01,0.029158876556000003,0.025398042037000003,0.026278747898
2023-09-04,0.029621661499999997,0.025636497134,0.026385322093
2023-09-05,0.029756205578000003,0.025792264054,0.026680758478
2023-09-06,0.030172667986,0.026073679861999998,0.026783721017
2023-09-07,0.030539134053,0.026618687336,0.027128876583000002
2023-09-08,0.030298050404,0.026383519331,0.02684847041
2023-09-11,0.030247079348,0.026198595603000002,0.026896912526
2023-09-12,0.030456917307000002,0.026339777550000002,0.027011827425999998
2023-09-13,0.030857729928,0.026561688239,0.027131078162
2023-09-14,0.030858386268000002,0.026346336884,0.026842987583
2023-09-15,0.031408985551,0.026774069626,0.027349477926999998
2023-09-18,0.031933303353,0.027441877278,0.027881726159000003
2023-09-19,0.032157679102,0.027627678209,0.028076747104000002
2023-09-20,0.031974932651,0.027361700835999998,0.027657704991
2023-09-21,0.032096075111,0.027634822900999997,0.028225524569
2023-09-22,0.031857524853,0.027397569482000002,0.028196368903
2023-09-25,0.031999134289,0.027772086602,0.028669855682
2023-09-26,0.031883778339,0.027764656205999997,0.028708600458000003
2023-09-27,0.031735727157,0.027634821397,0.028599938456
2023-09-28,0.032565522841,0.029118122636999998,0.030333501699
2023-09-29,0.031572218833,0.027784801285,0.028762763259000002
2023-10-02,0.031711296866,0.028145109350999998,0.029328354324
2023-10-03,0.031649616523,0.028342952855000002,0.029641872265
2023-10-04,0.031955840764,0.028640786084,0.029925401129
2023-10-05,0.031187784649000003,0.028079875387,0.029472925432000002
2023-10-06,0.031028853198,0.028168896976000002,0.029604325215
2023-10-09,0.030521526216999998,0.027525118309,0.028738935511
2023-10-10,0.030514113255000003,0.027444297643,0.028643948716
2023-10-11,0.030614074113,0.026889462396999998,0.027561586862
2023-10-12,0.030935073995,0.027116306054,0.027938537924
2023-10-13,0.030527420436,0.027539921428000002,0.028835732133
2023-10-16,0.0308895947,0.027346514981999998,0.028620178446
2023-10-17,0.031621624987,0.027940708648000002,0.029370802435
2023-10-18,0.031703723649,0.028052852926,0.029527097575
2023-10-19,0.03200917778,0.028707208283,0.030011097622
2023-10-20,0.031165339022,0.027997501198,0.029495121221
2023-10-23,0.031484631297,0.028308108644,0.029765842729
2023-10-24,0.030950318402,0.027644816875,0.028932419598
2023-10-25,0.031016687815,0.027778029652999997,0.029189824463999998
2023-10-26,0.030572836914,0.027482862269,0.029033934306
2023-10-27,0.030392520295,0.027373039026999998,0.028984970075
2023-10-30,0.030290351186,0.0274116386,0.029012196761000003
2023-10-31,0.029879266451999998,0.026810645347,0.028226726907
2023-11-01,0.029764181668,0.026727281997,0.028197946048
2023-11-02,0.029532301252,0.026215796916,0.027491134356
2023-11-03,0.029533432273,0.025876610203,0.027005766639000003
2023-11-06,0.030049265289,0.026416697486,0.027691646463
2023-11-07,0.030134784954999997,0.026122255666999997,0.027184321682000002
2023-11-08,0.029855487514000002,0.025823635434,0.026835389676
2023-11-09,0.030000366509,0.025897566743,0.027002831579
2023-11-10,0.030472267959,0.026233494747,0.027551960877
2023-11-13,0.030713345527000002,0.026582018284000003,0.027881690124000002
2023-11-14,0.030162404940999997,0.025817911423000002,0.026848069954999998
2023-11-15,0.029767360733,0.025661032755,0.026871053051
2023-11-16,0.029380674081,0.025248703556,0.026349265771
2023-11-17,0.029253266083999998,0.025150490001,0.026413046564
2023-11-20,0.029716816977999997,0.025494944361999998,0.026603005277000002
2023-11-21,0.029623133778,0.025246216753,0.02624200413
2023-11-22,0.029477727578,0.024983917505,0.025855317528
2023-11-23,0.029941343535999997,0.025727555747999998,0.026657392323
2023-11-24,0.030207169197,0.025929661454,0.026869213104
2023-11-27,0.029748875466000003,0.025421365787,0.026289134686
2023-11-28,0.029113210464999997,0.02497846908,0.025892364669000002
2023-11-29,0.027922998703999998,0.023862247086,0.024830794966999997
2023-11-30,0.028061242814999998,0.024122201423999998,0.025285020009
2023-12-01,0.027018369649,0.023399063257,0.024797884548
2023-12-04,0.026382268674,0.022456917719,0.023892714774
2023-12-05,0.026304272202,0.022147956834,0.023269332365999998
2023-12-06,0.026400281518,0.022048109588,0.022782674646
2023-12-07,0.026109618289,0.021373961789,0.022353317020999998
2023-12-08,0.026870166382999997,0.022511398336,0.023534261872
2023-12-11,0.026808021842,0.022116268557,0.023371734995
2023-12-12,0.026846527347000004,0.021976596557999998,0.023068463461999998
2023-12-13,0.026676521659,0.021490407035999998,0.022525470525
2023-12-14,0.025793904722,0.020656181927,0.022116980315
2023-12-15,0.025667243104000002,0.020125099315,0.021147842384
2023-12-18,0.025722233274,0.020293451157,0.021553213039
2023-12-19,0.025350216438999998,0.019823388121,0.020913589612000003
2023-12-20,0.025144620976,0.019443723126,0.020466529474000003
2023-12-21,0.024790505150999998,0.019230086748999998,0.020472863063000002
2023-12-22,0.024243853894,0.018603124628,0.020192952065
2023-12-27,0.024242101109999997,0.018458067846,0.019876091225
2023-12-28,0.024143239472000002,0.018372406279,0.020028420209000003
2023-12-29,0.024363455063,0.01883776479,0.020808856999
2024-01-02,0.024381982119,0.019220114223,0.021199493570999997
2024-01-03,0.024464644861,0.019263521535,0.021214189676
2024-01-04,0.024951679082,0.020108799543,0.022072419203
2024-01-05,0.025775417300000002,0.020807856995999997,0.022469256583
2024-01-08,0.025624614331000002,0.020563632831,0.022307313873
2024-01-09,0.025599655325,0.020799930031,0.022570451997999997
2024-01-10,0.025780494152,0.021069513741,0.022732383194999997
2024-01-11,0.025647437385999998,0.020935331762999998,0.022583578868999997
2024-01-12,0.025251907164,0.020383287109,0.02226207696
2024-01-15,0.025544563311999998,0.020847573932999998,0.022810119759
2024-01-16,0.025579114471,0.020682941043,0.022599486199
2024-01-17,0.026661449844,0.021744169635,0.023394291534999997
2024-01-18,0.026768131019,0.021955793034000002,0.023630529629999997
2024-01-19,0.026601461212,0.022132471364,0.023846269956
2024-01-22,0.026444992404,0.021728819542,0.023354762926
2024-01-23,0.026721226703,0.022144655792,0.023886325322
2024-01-24,0.02663037387,0.02207389304,0.023845432402000002
2024-01-25,0.025950024031,0.02170110325,0.023687528773
2024-01-26,0.025873884106,0.021765066896,0.023883232291
2024-01-29,0.02530533517,0.021040743133,0.023251514995
2024-01-30,0.025229616619,0.021122401045000003,0.023328476651
2024-01-31,0.024737329486999998,0.020473606561,0.0226580157
2024-02-01,0.024718578156,0.020456301141000003,0.022542621452999997
2024-02-02,0.025665608501,0.02101604999,0.022752204759
2024-02-05,0.026225322872999998,0.02198663458,0.02380938321
2024-02-06,0.026304437348,0.022037677707999997,0.023871789716
2024-02-07,0.026142635533,0.021881832131,0.023747592768
2024-02-08,0.026703657991,0.022518302136,0.024271401791
2024-02-09,0.027200920439,0.023028776573,0.02461190883
2024-02-12,0.027150454203,0.022924160828,0.024517828411
2024-02-13,0.027570764919,0.02323552856,0.024619773052
2024-02-14,0.027822301815000002,0.023204638686,0.024452051319999998
2024-02-15,0.027610694685000003,0.02277001002,0.023870546854
2024-02-16,0.028339608317999997,0.023747267205,0.024712489514
2024-02-19,0.02836763829,0.023719858553000003,0.024718564079999998
2024-02-20,0.027955100414,0.023345791846,0.024409811022999998
2024-02-21,0.028245174859,0.023722206656,0.024744667685000003
2024-02-22,0.028704212884999997,0.024111254843999997,0.024798051672
2024-02-23,0.028509066911,0.02376714514,0.024384341998000002
2024-02-26,0.029029634890999998,0.024163643949,0.02467280003
2024-02-27,0.029063723663999997,0.024300291163,0.024929769097
2024-02-28,0.029113834927000003,0.024487930532,0.025167377375
2024-02-29,0.029012443273,0.024266519304999998,0.024801097363000003
2024-03-01,0.028997453122,0.024311069172000002,0.025034683242
2024-03-04,0.028804907504,0.023796276425,0.024336236988
2024-03-05,0.028523626568,0.023314818411,0.023635148956
2024-03-06,0.028473304056,0.023241392509,0.023597086823
2024-03-07,0.028529528524,0.023165152279,0.023402473323000002
2024-03-08,0.027745423427000003,0.022435003999999998,0.023031809889
2024-03-11,0.028039501177,0.022952784263,0.023591203019
2024-03-12,0.028420235470000003,0.023284908945999997,0.023776217828
2024-03-13,0.028389592329000003,0.023451429643,0.024038314531
2024-03-14,0.028719249526000003,0.024104645977,0.024862550511
2024-03-15,0.029044036441999998,0.024348296364,0.024946028896
2024-03-18,0.029015674337,0.024424531320999997,0.025102098433
2024-03-19,0.028799697964,0.024070863397,0.024846293611000003
2024-03-20,0.028888368353,0.024199464637000002,0.024862311055999998
2024-03-21,0.028619899929,0.023853671741,0.024697606676000003
2024-03-22,0.028142077684,0.023092358174999997,0.0237785216
2024-03-25,0.028436140029,0.023640377318999997,0.024260237468
2024-03-26,0.028446520188,0.02349448082,0.024049985204
2024-03-27,0.027940012216,0.022887461690999998,0.023510584666
2024-03-28,0.027981962093999998,0.022989224204,0.02359935488
2024-04-02,0.028169937606999998,0.023753355737000003,0.024863921225
2024-04-03,0.028340042643,0.02380509645,0.0248413956
2024-04-04,0.028021367279,0.023210163636,0.024113003171
2024-04-05,0.028304301161000002,0.023487480722,0.024361684018999998
2024-04-08,0.028453378402,0.024029024569000003,0.024923312998
2024-04-09,0.02844529147,0.023646418388,0.024321874511
2024-04-10,0.02890368268,0.02407660614,0.02483955421
2024-04-11,0.029001179970000002,0.024322183861,0.025216754850999997
2024-04-12,0.028092030862000003,0.023133110710999997,0.024069398686
2024-04-15,0.028315737776,0.023935662016,0.025043256274
2024-04-16,0.028579131238,0.02440825202,0.02565459395
2024-04-17,0.028689112024,0.024363090987999998,0.0254460631
2024-04-18,0.028823985611,0.024592118448,0.025551833059
2024-04-19,0.02920971954,0.024998048572,0.025772617894
2024-04-22,0.028859431272,0.024680343787,0.025694069878
2024-04-23,0.028798383983,0.024678213504,0.025613382913
2024-04-24,0.029343412144,0.025429895543,0.026439607161000002
2024-04-25,0.029873046997,0.026031485928000003,0.026968869030999997
2024-04-26,0.029516982017000003,0.025461222105,0.02623464679
2024-04-29,0.029228527419,0.025115450257999997,0.025936184515
2024-04-30,0.029967567161000002,0.025804911440999997,0.026368704854999998
2024-05-02,0.029691102147000003,0.025556573736,0.026192687619
2024-05-03,0.029053014011,0.024813898961,0.025459980650000002
2024-05-06,0.02909517873,0.024584031301999997,0.025137096838
2024-05-07,0.028988787532,0.024341174126,0.024769806555999998
2024-05-08,0.02915182553,0.024681074386,0.025155847885
2024-05-09,0.029257582575,0.024887169277,0.025485134906
2024-05-10,0.029442451164,0.025093013562,0.025607710993
2024-05-13,0.029305148009000002,0.024967441621,0.025539771944999998
2024-05-14,0.029395315903,0.025216384261,0.025869324297
2024-05-15,0.028943669893,0.024414608295,0.024997507148000003
2024-05-16,0.028959022268,0.024515666795,0.025059329536
2024-05-17,0.029387147944000002,0.025157963677000003,0.025736443805000002
2024-05-20,0.029329042182,0.025277642567999997,0.025928737019
2024-05-21,0.0291930996,0.02504214884,0.0256338861
2024-05-22,0.029535232779,0.025381724865,0.025938440854000003
2024-05-23,0.030028329815,0.026115584967999997,0.026421578714
2024-05-24,0.030330994089000002,0.026300005442,0.026524141248
2024-05-27,0.029737393124999997,0.025672953389,0.025984978774999997
2024-05-28,0.029725027088,0.025823722357999998,0.026248221592
2024-05-29,0.030272376639,0.026574760276,0.027193243024
2024-05-30,0.030169714126,0.026616439488,0.027374225597
2024-05-31,0.030193484923,0.026425,0.027015587512
2024-06-03,0.029779859651999998,0.025993371395,0.026614829951
2024-06-04,0.029277644372,0.025418873255999997,0.02597435378
2024-06-05,0.02935561114,0.025232831031999997,0.025676072225
2024-06-06,0.029664368423,0.025819989948000003,0.026218140315
2024-06-07,0.030231188867,0.026520880405,0.026867722412
2024-06-10,0.030191670638,0.026721338922,0.027385184555
2024-06-11,0.029634554634999997,0.026174459509000002,0.027075072699999998
2024-06-12,0.029281543851,0.025352356289,0.025967936569
2024-06-13,0.028987005515,0.025170072468,0.025855197162
2024-06-14,0.027627458678,0.023385063584000002,0.024086873262
2024-06-17,0.027914537869,0.024049070635,0.024874036276
2024-06-18,0.027938622283,0.024006176251000003,0.02476220875
2024-06-19,0.028108394712,0.024080358882,0.024754923156
2024-06-20,0.028161233418,0.024394009634999998,0.025093927539
2024-06-21,0.027675013428000002,0.023759206934,0.024501759972000003
2024-06-24,0.028073327872,0.024105655503,0.024790816716
2024-06-25,0.027992322474,0.023874827711000003,0.024437824241
2024-06-26,0.028076536726999998,0.024206417506000003,0.024887604599
2024-06-27,0.02809586269,0.024250807091,0.024895226334
2024-06-28,0.027993707466000002,0.024234186491999998,0.025019106798
2024-07-01,0.028738448080999998,0.025420667940000002,0.026351168331
2024-07-02,0.028849534405,0.025420282327,0.02625718203
2024-07-03,0.029017080189,0.025495227005,0.026278943813
2024-07-04,0.028941333561999998,0.025505906489000002,0.026237373697
2024-07-05,0.028742369158000002,0.025254465578,0.025996836001
2024-07-08,0.02843711286,0.024907274583999998,0.025707227465
2024-07-09,0.028615695202000004,0.025140133873,0.025941446777000002
2024-07-10,0.028584445118000002,0.024878428026,0.025570724352999997
2024-07-11,0.027946898478,0.024143403861,0.024981105110000002
2024-07-12,0.028310235521,0.024414948608000003,0.025167895000999998
2024-07-15,0.027754653648,0.024104853141999998,0.025140039627
2024-07-16,0.027614783971,0.023734084568,0.024645170295
2024-07-17,0.027626279177,0.023700578799,0.024612971986
2024-07-18,0.027456871834999997,0.023436235462,0.024367519932000002
2024-07-19,0.027681083282999997,0.023882280423000002,0.024965557827
2024-07-22,0.027666766314000002,0.023990595737999998,0.025105437773000002
2024-07-23,0.027539063343,0.023630648020999998,0.024776943683
2024-07-24,0.02721389585,0.023327621104,0.024715110513999997
2024-07-25,0.027027505058,0.022961050790000003,0.024339080215000003
2024-07-26,0.026906245201,0.022945165243000002,0.024245461771999998
2024-07-29,0.026688958534,0.022805908243,0.023896297176
2024-07-30,0.026109896462,0.022177051767,0.023544882773
2024-07-31,0.025822152139,0.021876895938,0.023290703135
2024-08-01,0.025606727906,0.021419216255,0.022814312550000004
2024-08-02,0.024705683801,0.020504088142999997,0.021969689437
2024-08-05,0.023095484768,0.019989695315,0.022355219221
2024-08-06,0.023366425227000002,0.020387262543000002,0.022599321468000002
2024-08-07,0.024235840543,0.021372918740000003,0.023652137269999998
2024-08-08,0.024313380332,0.021245404623,0.023631468252
2024-08-09,0.024002093268000003,0.020868031989000002,0.023179681698999997
2024-08-12,0.024018433468999997,0.020923792809999998,0.023271464976999997
2024-08-13,0.023682264916000003,0.020551867046,0.022926891188
2024-08-14,0.023650988634,0.020528959338,0.022853210792
2024-08-15,0.024398204079,0.021342211151,0.023521344146
2024-08-16,0.024216635162,0.021339565238999998,0.023349911132000002
2024-08-19,0.024232229273,0.021437053244,0.023506021122
2024-08-20,0.023907306734,0.021174979471,0.02326133018
2024-08-21,0.023497079812,0.020975323699,0.023059555781
2024-08-22,0.023542595388,0.021138374145,0.023222276477000002
2024-08-23,0.023811689290000004,0.021230561225,0.023545848339000003
2024-08-26,0.02369541087,0.021229336103,0.023611574784
2024-08-27,0.023926134933,0.021478983224000003,0.02397613636
2024-08-28,0.023545063473000002,0.021289841464000002,0.023663694885000003
2024-08-29,0.023180484558,0.021275074155000004,0.023795267523999998
2024-08-30,0.023591456102000002,0.021401159754,0.023888297668999997
2024-09-02,0.023984183282,0.021933531652000002,0.024485558581000003
2024-09-03,0.023811621340000002,0.021395551693,0.023718172551
2024-09-04,0.023375777022999998,0.020776722911,0.023230518592
2024-09-05,0.022623239828,0.020595404099,0.023052108156000003
2024-09-06,0.022812464132,0.02040525768,0.023113879433
2024-09-09,0.022272159765,0.020176150512,0.022959799036
2024-09-10,0.022133271902,0.020098304455,0.022834241895
2024-09-11,0.021390237934,0.019414004531,0.022136942997000003
2024-09-12,0.021754847132,0.019679030803,0.022396543029
2024-09-13,0.021629372456,0.019930524862,0.022602491803000002
2024-09-16,0.021777910624,0.019875838894,0.022479888330999998
2024-09-17,0.021607422865,0.020005889268,0.022486269095
2024-09-18,0.022050798971,0.020439414366,0.022985907322
2024-09-19,0.021915578525,0.02035632782,0.023048459818
2024-09-20,0.022099509708,0.020491840777,0.023288316667
2024-09-23,0.021511405872,0.020061366365,0.023026272100999997
2024-09-24,0.020943300472000003,0.019619565858,0.022891839665
2024-09-25,0.020974194601999997,0.019833033406,0.02291416671
2024-09-26,0.020416181686,0.019402265183,0.022537673608
2024-09-27,0.020119940032999998,0.01938349222,0.022521148846
2024-09-30,0.020342844512,0.01929022998,0.022367867384
2024-10-01,0.019456250509,0.018427477742,0.021442488285
2024-10-02,0.020007264821,0.019104735744,0.022298357908000003
2024-10-03,0.020212892240999997,0.019639483303,0.022890716162000002
2024-10-04,0.021022005748999997,0.02016164118,0.023213268231000003
2024-10-07,0.021576127679,0.020712763286000004,0.023680772013000003
2024-10-08,0.021763718703,0.02083655321,0.023786118387
2024-10-09,0.021768275104,0.020766417309,0.023672195539
2024-10-10,0.021884832798999998,0.020918307263,0.023821347867
2024-10-11,0.021920214756999998,0.021100309682999998,0.024091492223999998
2024-10-14,0.021784237066999997,0.021043712460999998,0.024077555020000002
2024-10-15,0.021480490822,0.020572668465000003,0.023391978925
2024-10-16,0.021075010731,0.020092053082,0.022888657969
2024-10-17,0.021011632395,0.020183156063,0.023141522729
2024-10-18,0.020328800201,0.019828892128,0.022940883656
2024-10-21,0.021254694639,0.020700373654,0.023808484055000002
2024-10-22,0.021273525065,0.020785731476999997,0.023997309158000003
2024-10-23,0.020778460531,0.020838484328,0.024337504295
2024-10-24,0.020604909137,0.02042236961,0.023715160286
2024-10-25,0.020891054524000002,0.020759267608999998,0.02397353001
2024-10-28,0.02047174035,0.020562621368,0.023810519633000002
2024-10-29,0.020905380679,0.021105414295,0.024331853634
2024-10-30,0.021631326224000002,0.021799651881000002,0.024724594585
2024-10-31,0.022433129773,0.022457566545,0.02520945558
2024-11-01,0.021952562375,0.022025577557,0.024894847017
2024-11-04,0.022221182741,0.022175327669,0.02487138698
2024-11-05,0.022263637944000002,0.022249356494999997,0.024983617341
2024-11-06,0.021549863148,0.021956667351000003,0.025113246974
2024-11-07,0.021580280616,0.022037233891,0.025240289566
2024-11-08,0.021485568176999998,0.021716401115999998,0.024700578721
2024-11-11,0.020986940577,0.021321232997,0.024420946519
2024-11-12,0.020692720316,0.021190743455,0.024280603265
2024-11-13,0.020985880386,0.021649273401,0.02474171259
2024-11-14,0.020649425177,0.021388491312,0.024479041589
2024-11-15,0.02087979243,0.021553012445,0.024575629867
2024-11-18,0.021396008737,0.021827290896,0.024743486696
2024-11-19,0.02100254494,0.021357617693,0.024309080958
2024-11-20,0.021028413895,0.021501626371999996,0.024474474548
2024-11-21,0.020626525434,0.020979411403,0.023987406434000002
2024-11-22,0.019917460703,0.020557239331,0.023562386849
2024-11-25,0.019688081202,0.020147678511999997,0.023014732165999998
2024-11-26,0.020073401995000004,0.020300841798999998,0.022988076040999998
2024-11-27,0.019921060501,0.019996581427,0.02261384337
2024-11-28,0.01971644599,0.019711952106,0.022248257945000002
2024-11-29,0.019120084183999998,0.019226826996,0.021852246483000003
2024-12-02,0.018564459333,0.018546590648000003,0.021381738703000003
2024-12-03,0.018753282922,0.018786455186,0.021245018989
2024-12-04,0.019043105134,0.019151780613,0.021609470857
2024-12-05,0.019630802353,0.019573509173999998,0.021952120266000002
2024-12-06,0.019622855999,0.019343376171,0.021639756999
2024-12-09,0.019488705956,0.019326712745000002,0.021848501571
2024-12-10,0.019444423681000002,0.019039306784,0.02196991766
2024-12-11,0.019140376769,0.019020337791,0.022067122243
2024-12-12,0.019672665226999998,0.019831296945,0.022590743687
2024-12-13,0.019997336275999998,0.020156641765,0.023306589016000002
2024-12-16,0.02000605868,0.020116271728,0.023320425143999998
2024-12-17,0.019851802289,0.020128606303,0.023137164817
2024-12-18,0.019759524375,0.020326004372000002,0.02339148239
2024-12-19,0.020137551282,0.020929633654000003,0.024054384768000002
2024-12-20,0.01960729092,0.020496145823,0.023746841926000004
2024-12-23,0.019977993063,0.020848216585000003,0.024023438214000003
2024-12-24,0.020031476754,0.020901548247,0.024054591254000002
2024-12-27,0.020076965659,0.021263099979,0.024317999928
2024-12-30,0.020111511629,0.021300184084999996,0.024473038368
2025-01-02,0.020076200899000002,0.021137363790000002,0.024331074802
2025-01-03,0.020886587478999998,0.021728633735999998,0.024896138855999998
2025-01-06,0.021595698444,0.022327779872,0.025409183981000002
2025-01-07,0.02103299616,0.02220565485,0.025483720687
2025-01-08,0.021490938371000003,0.022593857273000003,0.02605443235
2025-01-09,0.021646834993000002,0.022723721566999998,0.026162985075
2025-01-10,0.022202151764,0.023264240384,0.026562443383
2025-01-13,0.022442257115,0.023556449330000003,0.026820322585
2025-01-14,0.022686086924,0.02395364997,0.027186860566
2025-01-15,0.022012399721999996,0.02303404777,0.026302772251
2025-01-16,0.02235734602,0.023175799914,0.026577802953
2025-01-17,0.022064343832,0.022638527133,0.026010145893000002
2025-01-20,0.022057366848000002,0.022730356231,0.02600667827
2025-01-21,0.021747840711,0.022642627126,0.025925000501
2025-01-22,0.021747840711,0.022642627126,0.025925000501
2025-01-23,0.021875774122,0.023062049889,0.02618096938
2025-01-24,0.022401136815,0.023494482373,0.026525212896000003
2025-01-27,0.022016690685000003,0.022993873795,0.026108150354999998
2025-01-28,0.022021654345,0.023083065385,0.026246839966
2025-01-29,0.021948520402999997,0.023016701663000003,0.026123247792000003
2025-01-30,0.021240844937,0.022525196174999998,0.025709331179
2025-01-31,0.020552152666,0.022051641681,0.025304298486
2025-02-03,0.019872366835,0.021296444379000003,0.024463815528
2025-02-04,0.019974569542,0.021634625105,0.024771523668
2025-02-05,0.019988268412,0.021307694205,0.024214557243
2025-02-06,0.020061366048,0.021345002527,0.024251598200000002
2025-02-07,0.020135594267,0.02153762119,0.024627800758
2025-02-10,0.019758389315,0.020996693767000002,0.02433445967
2025-02-11,0.020216543108999997,0.021692076198,0.024999061726
2025-02-12,0.020731938111999998,0.022277255498,0.02551790004
2025-02-13,0.020349752962,0.021685338571999998,0.024889478346
2025-02-14,0.020624994983999997,0.021730527916,0.025005053327
2025-02-17,0.020773110811,0.022190038906999998,0.025460892565
2025-02-18,0.020741708107,0.022290095064000003,0.025581457184
2025-02-19,0.021285716169,0.022819855057,0.026098058692000003
2025-02-20,0.021062244707,0.022684289620000003,0.026019944882
2025-02-21,0.020427070281000003,0.022032132758,0.025384308723
2025-02-24,0.020267429610000002,0.021898943794000002,0.025348958801
2025-02-25,0.02015339264,0.021811680594000002,0.025273124962
2025-02-26,0.020144299849,0.021681460105,0.025050992164000002
2025-02-27,0.01992752704,0.021254823997000002,0.024964724028999997
2025-02-28,0.019745360059999998,0.021074088761,0.024692621079000002
2025-03-03,0.020318952758,0.021910834225000002,0.025783069883
2025-03-04,0.019743120874,0.021297164608,0.025625702838
2025-03-05,0.021420782115,0.023903814534999998,0.027987238935000002
2025-03-06,0.022259304934999998,0.025253300963999997,0.029449897814
2025-03-07,0.02180223707,0.024588220374000002,0.028730944696
2025-03-10,0.021478681152000002,0.024342726167999998,0.028687791491
2025-03-11,0.021484797044,0.024755097046999998,0.029343136849
2025-03-12,0.021770756347,0.024906224257999997,0.029343006640999997
2025-03-13,0.021416020911999997,0.024616081403,0.029136764885000003
2025-03-14,0.021719678101999998,0.024631045193999997,0.029461762482
2025-03-17,0.021424126111000003,0.024341263873,0.028657476373
2025-03-18,0.021649719311,0.024607261300999998,0.028967978782
2025-03-19,0.021373179128,0.024296343515,0.028579573708
2025-03-20,0.021097935149,0.024028130033,0.028267165325
2025-03-21,0.021078266368,0.02369598753,0.02845870598
2025-03-24,0.021035268227,0.023776750295000003,0.028630915118
2025-03-25,0.021131294674,0.023924469334,0.028783029162
2025-03-26,0.020864188814,0.023893971439000003,0.028656250048
2025-03-27,0.020491543400999998,0.023575664806,0.028623507021
2025-03-28,0.020213322345,0.023034867958,0.028121116225999998
2025-03-31,0.019946853961,0.022719349361,0.027817290050999997
2025-04-01,0.019946997438000002,0.022587017592000002,0.027589206717999998
2025-04-02,0.019895064102,0.022655770713,0.027609572069000003
2025-04-03,0.019439000041,0.022005258244,0.027337361267000003
2025-04-04,0.018215221075,0.020808397293000002,0.026475520891
2025-04-07,0.017878631774,0.020852858098,0.026815253471
2025-04-08,0.019048767912,0.021764185919,0.027532266258
2025-04-09,0.017508397125,0.020829592924,0.026865951501
2025-04-10,0.018313708594,0.021218766376,0.026776687173
2025-04-11,0.017300159396000003,0.020677783657,0.026037026531
2025-04-14,0.017391264376,0.020932156749,0.025988022107000002
2025-04-15,0.017747438536,0.020891055626,0.026309014141999997
2025-04-16,0.017290503897,0.020541165936,0.025995889898
2025-04-17,0.017046384892,0.020244440375,0.025747046513
2025-04-22,0.016718726322,0.020084109414000004,0.025519928801
2025-04-23,0.017433495911,0.020646100071,0.026001957861
2025-04-24,0.016777609946,0.020008692977,0.025491160582000003
2025-04-25,0.01715780973,0.020199722793000002,0.025625615399
2025-04-28,0.017363224447,0.020451539648,0.026074653015
2025-04-29,0.01745149545,0.020286478449,0.025893451856
2025-04-30,0.016995058817,0.019935450969,0.025575500372
2025-05-02,0.017503686786999997,0.020387226186,0.025959832532000002
2025-05-05,0.017418307971,0.02048590284,0.02620423616
2025-05-06,0.017671821892999998,0.020705974143,0.026544648641
2025-05-07,0.017320107645,0.020199190994,0.025934141244
2025-05-08,0.017413589325,0.020404047183,0.026097039476
2025-05-09,0.01773598502,0.020911442443,0.026665008334
2025-05-12,0.018797796809,0.022260620935,0.027249722748999998
2025-05-13,0.018788957042,0.02233577333,0.027470817086
2025-05-14,0.018873503967,0.022335070685,0.027702501526
2025-05-15,0.018674987142999998,0.021940719169,0.027375363863
2025-05-16,0.018362162012,0.021467611725000002,0.02675210335
2025-05-19,0.018145949522,0.021492137002999998,0.026887073283
2025-05-20,0.018402949154,0.021577738284,0.027126253144999998
2025-05-21,0.018425789682,0.021816686994999997,0.027335025798000002
2025-05-22,0.018221230663,0.021756127473,0.027473508277
2025-05-23,0.017386811942,0.020948101228999996,0.026681718095
2025-05-26,0.017792641337,0.021071999183,0.026721588759000003
2025-05-27,0.017746946262,0.020974743952,0.02635526298
2025-05-28,0.017958959811,0.021098358206999998,0.026447977997
2025-05-29,0.017724631081,0.020769243757,0.026116381266
2025-05-30,0.01780577865,0.020818777465,0.026100622245
2025-06-02,0.018072703241,0.020874177227000003,0.026226032517
2025-06-03,0.017609713344,0.02053576799,0.025938344853
2025-06-04,0.017934058136,0.020982835273,0.02623401446
2025-06-05,0.018250862266,0.021618460029,0.026470041589
2025-06-06,0.018622240107,0.021651925314999997,0.026594310994
2025-06-09,0.018561998473,0.021607118398,0.026758380627
2025-06-10,0.018336509094,0.021175300374,0.026167971377
2025-06-11,0.018054730197,0.021240970369999997,0.026215127886
2025-06-12,0.017980167692,0.020861268132,0.025777663314
2025-06-13,0.018343448481,0.021081174236,0.026032135344
2025-06-16,0.018311404697,0.021135627332,0.02621503212
2025-06-17,0.018499896246,0.021335390897,0.026218424136
2025-06-18,0.018339061542,0.021139818176,0.026011169546000003
2025-06-19,0.018271326556,0.021101684667,0.026019696538
2025-06-20,0.01836071063,0.021172520907,0.026142932126
2025-06-23,0.018549831431,0.021123091162,0.026072978004000002
2025-06-24,0.018486111052,0.021359459802,0.026498095606
2025-06-25,0.018509723862,0.021493799651,0.026644491832999998
2025-06-26,0.01816880051,0.021210392034000002,0.026578468297
2025-06-27,0.018455372589,0.021564187815000004,0.026867694635
2025-06-30,0.018448999837,0.021559601045,0.026791846244
