id,name,maturity,coupon,nominal,cleanPrice,accruedInterest,marketValue,quoteDate,sourcePage,codeParenthese,priceReconciliation
AT0000A3KDQ3,KOMM 4.25 04-31,2031-04-01,4.25,19900000.0,101.3925,213175.34,20390282.84,2025-06-30,3,366,-1.4551915228366852e-10
AT000B122080,VOLK WI 0.875 03-26,2026-03-23,0.875,10200000.0,98.8085,24696.58,10103163.58,2025-06-30,3,366,7.275957614183426e-11
AT000B122296,VOLK WI 5.5 12-35,2035-12-04,5.5,21300000.0,102.195,965288.29,22732823.29,2025-06-30,3,366,-9.313225746154785e-10
BE0002938190,GROU BR 4.0 05-33,2033-05-15,4.0,20000000.0,104.15,105205.48,20935205.48,2025-06-30,3,366,4.511093720793724e-10
BE0390119825,UCB 4.25 03-30,2030-03-20,4.25,13300000.0,102.4315,161057.53,13784447.03,2025-06-30,3,366,-6.693881005048752e-10
BE0390128917,FLUV SY 3.875 05-34,2034-05-02,3.875,10500000.0,101.8145,67998.29,10758520.79,2025-06-30,3,366,-8.87666828930378e-10
BE0390149152,SILF NV 5.125 07-30,2030-07-17,5.125,15000000.0,106.0515,737157.53,16644882.53,2025-06-30,3,366,-6.984919309616089e-10
BE0390161272,BPOS SA 3.632 10-34,2034-10-16,3.632,20000000.0,100.1425,515445.48,20543945.48,2025-06-30,3,366,4.656612873077393e-10
BE0390222884,FLUXYS 4.0 11-30,2030-11-28,4.0,22000000.0,101.229,84383.56,22354763.56,2025-06-30,3,366,-1.3387762010097504e-09
BE6327721237,VGP 1.5 04-29,2029-04-08,1.5,8100000.0,92.0075,28294.52,7480902.02,2025-06-30,3,366,-4.474713932722807e-10
BE6331562817,ALIA FI 0.875 11-28,2028-11-08,0.875,12000000.0,92.797,67890.41,11203530.41,2025-06-30,3,366,1.4551915228366852e-10
BE6332786449,VGP 1.625 01-27,2027-01-17,1.625,4800000.0,98.0555,35473.97,4742137.97,2025-06-30,3,366,-2.6193447411060333e-10
BE6343437255,ETHI VI 6.75 05-33,2033-05-05,6.75,8700000.0,115.82,93316.44,10169656.44,2025-06-30,3,366,-5.238689482212067e-10
BE6351290216,LONZ FI 3.875 04-36,2036-04-24,3.875,20000000.0,101.1815,146506.85,20382806.85,2025-06-30,3,366,1.4842953532934189e-09
BE6356733327,SHUR LU 3.625 10-34,2034-10-22,3.625,20000000.0,97.723,502534.25,20047134.25,2025-06-30,3,366,0.0
BE6363869874,ETHI VI 4.75 05-35,2035-05-07,4.75,15100000.0,101.716,109579.86,15468695.86,2025-06-30,3,EUR,-5.966285243630409e-10
CH1433226292,BANQ CA 3.414 03-30,2030-03-27,3.414,14100000.0,101.07,127926.79,14378796.79,2025-06-30,3,366,-8.87666828930378e-10
DE0001102473,BUND DE 0.0 08-29,2029-08-15,0.0,209900000.0,91.968,0.0,193040832.0,2025-06-30,3,366,0.0
DE000A30VGD9,HERA FI 2.625 06-27,2027-06-09,2.625,15100000.0,99.72,24977.05,15082697.05,2025-06-30,3,366,7.457856554538012e-10
DE000A30VQB2,VONO SE 5.0 11-30,2030-11-23,5.0,12000000.0,108.36,363287.67,13366487.67,2025-06-30,3,366,-5.820766091346741e-11
DE000A3L69Y6,TRAT FI 3.75 01-31,2031-01-14,3.75,9000000.0,100.968,156267.12,9243387.12,2025-06-30,3,366,-8.149072527885437e-10
DE000A3LHK80,TRAT FI 4.25 05-28,2028-05-16,4.25,10000000.0,103.8275,54726.03,10437476.03,2025-06-30,3,366,-6.693881005048752e-10
DE000HCB0B36,HAMB CO 4.75 05-29,2029-05-02,4.75,14800000.0,105.7135,117487.67,15763085.67,2025-06-30,3,366,-7.275957614183426e-11
DE000HCB0B44,HAMB CO 4.5 07-28,2028-07-24,4.5,4400000.0,103.3555,186065.75,4733707.75,2025-06-30,3,366,0.0
DE000HCB0B69,HAMB CO 3.5 03-28,2028-03-17,3.5,15000000.0,101.711,153904.11,15410554.11,2025-06-30,3,366,-5.820766091346741e-10
DE000MHB66N7,MUEN HY 7.125 10-28,2028-10-31,7.125,16400000.0,106.867,781134.25,18307322.25,2025-06-30,4,366,0.0
DK0030512421,NYKR 4.625 01-29,2029-01-19,4.625,28100000.0,105.6865,583941.1,30281847.6,2025-06-30,4,366,1.5133991837501526e-09
ES0200002089,ADIF AL 3.9 04-33,2033-04-30,3.9,20000000.0,104.0715,134630.14,20948930.14,2025-06-30,4,366,5.820766091346741e-10
FR0012317451,AGRIPOLE 5.0 11-19,2019-11-27,5.0,1800000.0,0.0,0.0,0.0,2019-12-16,4,366,0.0
FR0013222551,KLES PR 5.375 12-26,2026-12-08,5.375,10700000.0,102.788,324591.1,11322907.1,2025-06-30,4,366,-3.4924596548080444e-10
FR0013232444,GROU AS 6.0 01-27,2027-01-23,6.0,8700000.0,104.9535,228821.92,9359776.42,2025-06-30,4,366,-8.731149137020111e-11
FR0013430840,UMG GRO 1.625 07-29,2029-07-02,1.625,8000000.0,94.48,0.0,7558400.0,2025-06-30,4,366,0.0
FR0013453974,ALTA CO 1.875 01-28,2028-01-17,1.875,12600000.0,96.508,107445.21,12267453.21,2025-06-30,4,366,8.87666828930378e-10
FR0013455862,APIC PR 4.0 10-29,2029-10-24,4.0,200000.0,99.761,5501.37,205023.37,2025-06-30,4,366,-4.547473508864641e-12
FR0013519261,LAMON 2 1/8 06/23/31,2031-06-23,2.125,6300000.0,92.841,3301.02,5852284.02,2025-06-30,4,EXA,-4.4701664592139423e-10
FR0013523602,CASA AS 2.0 07-30,2030-07-17,2.0,14000000.0,93.5315,268493.15,13362903.15,2025-06-30,4,366,3.4924596548080444e-10
FR0014001I68,BANQ FE 0.25 07-28,2028-07-19,0.25,15000000.0,92.91,35753.42,13972253.42,2025-06-30,4,366,-7.275957614183426e-11
FR0014004QI5,COVI HO 1.0 07-29,2029-07-27,1.0,3600000.0,91.5605,33534.25,3329712.25,2025-06-30,4,366,0.0
FR0014006TQ7,TDF INF 1.75 12-29,2029-12-01,1.75,6000000.0,93.976,61273.97,5699833.97,2025-06-30,4,366,-2.6193447411060333e-10
FR0014007YA9,CNP ASS 1.25 01-29,2029-01-27,1.25,10900000.0,94.2105,58232.88,10327177.38,2025-06-30,4,366,8.221832104027271e-10
FR0014008JQ4,MERC 2.5 02-29,2029-02-28,2.5,5000000.0,97.8335,42465.75,4934140.75,2025-06-30,4,366,0.0
FR001400D4D6,FINA AP 7.0 10-27,2027-10-06,7.0,2400000.0,104.666,123813.7,2635797.7,2025-06-30,4,366,1.8917489796876907e-10
FR001400DAO4,ORANO 5.375 05-27,2027-05-15,5.375,6600000.0,104.445,46652.05,6940022.05,2025-06-30,4,366,-1.8917489796876907e-10
FR001400F6E7,AYVENS 4.25 01-27,2027-01-18,4.25,8000000.0,102.7245,153698.63,8371658.63,2025-06-30,4,366,-1.1641532182693481e-10
FR001400IIU3,EDENRED 3.625 06-31,2031-06-13,3.625,21500000.0,101.494,40570.21,21861780.21,2025-06-30,4,366,8.949427865445614e-10
FR001400J150,RTE EDF 3.75 07-35,2035-07-04,3.75,18800000.0,100.9665,701136.99,19682838.99,2025-06-30,4,366,-1.6298145055770874e-09
FR001400KKX9,TIKE CA 6.625 03-30,2030-03-14,6.625,4300000.0,111.526,85852.74,4881470.74,2025-06-30,4,366,2.1827872842550278e-10
FR001400L263,THAL SE 4.25 10-31,2031-10-18,4.25,14300000.0,106.29,427922.6,15627392.6,2025-06-30,4,366,-3.4924596548080444e-10
FR001400LCK1,INDI GR 4.5 04-30,2030-04-18,4.5,15000000.0,105.3835,138698.63,15946223.63,2025-06-30,4,366,8.149072527885437e-10
FR001400P728,SOCI DE 3.125 01-34,2034-01-06,3.125,13000000.0,97.5905,197003.42,12883768.42,2025-06-30,4,366,-8.731149137020111e-11
FR001400RIT6,ITM ENT 5.75 07-29,2029-07-22,5.75,25800000.0,107.0205,1402212.33,29013501.33,2025-06-30,4,366,-1.862645149230957e-09
FR001400RNN9,BERT 6.65 07-29,2029-07-31,6.65,12000000.0,100.5935,744800.0,12816020.0,2025-06-30,4,999,0.0
FR001400SGZ5,TEREGA 4.0 09-34,2034-09-17,4.0,32000000.0,101.065,1009972.6,33350772.6,2025-06-30,4,366,1.5133991837501526e-09
FR001400T118,APIC PR 5.375 10-34,2034-10-03,5.375,29900000.0,105.3835,1197638.36,32707304.86,2025-06-30,4,366,-6.984919309616089e-10
FR001400U660,LA FRAN 3.0 11-30,2030-11-21,3.0,22000000.0,99.4485,403232.88,22281902.88,2025-06-30,4,366,-1.0477378964424133e-09
FR001400WRF6,IPSOS 3.75 01-30,2030-01-22,3.75,15300000.0,101.5545,253078.77,15790917.27,2025-06-30,4,366,-4.3655745685100555e-10
FR001400WTD7,ITM ENT 4.125 01-30,2030-01-29,4.125,7200000.0,101.431,125309.59,7428341.59,2025-06-30,4,366,-1.4551915228366852e-10
FR001400YPL4,TIKE CA 4.25 04-31,2031-04-08,4.25,17600000.0,101.368,174191.78,18014959.78,2025-06-30,4,366,1.1932570487260818e-09
FR001400YQA5,LAGA 4.75 06-30,2030-06-12,4.75,30000000.0,101.1655,78082.19,30427732.19,2025-06-30,4,366,1.3387762010097504e-09
FR001400ZQ88,MUTU AS 4.625 02-36,2036-02-23,4.625,14600000.0,100.4885,74000.0,14745321.0,2025-06-30,4,366,0.0
FR0014010J17,MALA HU 4.5 06-35,2035-06-20,4.5,35700000.0,100.5015,52816.44,35931851.94,2025-06-30,4,366,5.0640664994716644e-09
FR0014010XH0,KLES PR 5.07 07-35,2035-07-03,5.07,25000000.0,100.2115,0.0,25052875.0,2025-06-30,4,366,0.0
IT0005440646,CMC RAV 2.0 12-26,2026-12-31,2.0,671283.0,0.0,0.0,0.0,2025-06-30,4,UST,0.0
IT0005561367,Banc If 6.875 09-28,2028-09-13,6.875,23250000.0,110.4715,1278750.0,26963373.75,2025-06-30,4,366,0.0
IT0005584260,Banc If 5.5 02-29,2029-02-27,5.5,2000000.0,106.553,37671.23,2168731.23,2025-06-30,4,366,-2.1827872842550278e-11
IT0005611139,CDP RET 3.875 09-31,2031-09-04,3.875,20000000.0,102.8965,639109.59,21218409.59,2025-06-30,4,366,-1.1641532182693481e-10
PTGGDDOM0008,GALP GA 4.875 07-28,2028-07-03,4.875,18300000.0,104.683,889680.82,20046669.82,2025-06-30,4,366,-3.3760443329811096e-09
XS1385945131,BANQ FE 2.375 03-26,2026-03-24,2.375,5000000.0,100.003,32534.25,5032684.25,2025-06-30,4,366,0.0
XS1489391109,PART IR 1.25 09-26,2026-09-15,1.25,6100000.0,98.7115,60582.19,6081983.69,2025-06-30,4,366,4.0745362639427185e-10
XS1794675931,FAIR FI 2.75 03-28,2028-03-29,2.75,4300000.0,99.388,30777.4,4304461.4,2025-06-30,4,366,3.710738383233547e-10
XS2001315766,EURO WO 1.375 05-26,2026-05-22,1.375,9600000.0,98.8385,14827.4,9503323.4,2025-06-30,4,366,3.728928277269006e-10
XS2027364327,LOGI FI 1.625 07-27,2027-07-15,1.625,3500000.0,97.5315,54849.32,3468451.82,2025-06-30,4,366,-1.673470251262188e-10
XS2168693385,JPMO CH 3.4 02-29,2029-02-15,3.4,19900000.0,101.2395,257483.89,20404144.39,2025-06-30,4,EUR,-3.14321368932724e-09
XS2203802462,NE PROP 3.375 07-27,2027-07-14,3.375,5000000.0,100.8305,163202.05,5204727.05,2025-06-30,5,366,-1.7462298274040222e-10
XS2236273582,DZ BANK 1.026 09-30,2030-09-23,1.026,6700000.0,83.9365,53110.26,5676855.76,2025-06-30,5,366,-2.255546860396862e-10
XS2243564478,IMMO AG 2.5 10-27,2027-10-15,2.5,4500000.0,92.3925,80136.99,4237799.49,2025-06-30,5,366,2.1827872842550278e-10
XS2244936659,INFR WI 1.625 10-28,2028-10-20,1.625,4450000.0,95.779,50321.58,4312487.08,2025-06-30,5,366,7.275957614183426e-11
XS2247718435,BLAC PR 1.25 04-27,2027-04-26,1.25,10000000.0,97.2295,22945.21,9745895.21,2025-06-30,5,366,8.949427865445614e-10
XS2267889991,AUTO PE 2.0 12-28,2028-12-04,2.0,4500000.0,97.171,51780.82,4424475.82,2025-06-30,5,366,2.9831426218152046e-10
XS2286012849,LOGI FI 0.875 01-31,2031-01-14,0.875,4900000.0,86.045,19851.71,4236056.71,2025-06-30,5,366,-3.637978807091713e-11
XS2293733825,TRAF FU 3.875 02-26,2026-02-02,3.875,25050000.0,100.093,398912.67,25472209.17,2025-06-30,5,366,1.8044374883174896e-09
XS2294495838,ATRI FI 2.625 09-27,2027-09-05,2.625,1500000.0,92.04,32363.01,1412963.01,2025-06-30,5,366,1.0913936421275139e-11
XS2300292963,CELL FI 1.25 01-29,2029-01-15,1.25,14400000.0,94.4545,82849.32,13684297.32,2025-06-30,5,366,2.9103830456733704e-10
XS2300293003,CELL FI 2.0 02-33,2033-02-15,2.0,14200000.0,88.9165,106597.26,12732740.26,2025-06-30,5,366,-2.1827872842550278e-10
XS2310411090,CITY TR 1.625 03-28,2028-03-12,1.625,3000000.0,94.244,14958.9,2842278.9,2025-06-30,5,366,-9.276845958083868e-11
XS2322438990,CZEC GA 0.875 03-31,2031-03-31,0.875,12000000.0,86.466,26753.42,10402673.42,2025-06-30,5,366,1.7898855730891228e-09
XS2331921390,ANIMA 1.5 04-28,2028-04-22,1.5,5450000.0,96.0585,15902.05,5251090.3,2025-06-30,5,366,-1.8553691916167736e-10
XS2341269970,AKER BP 1.125 05-29,2029-05-12,1.125,6000000.0,92.9265,9431.51,5585021.51,2025-06-30,5,366,-2.2373569663614035e-10
XS2347284742,TECH EN 1.125 05-28,2028-05-28,1.125,13325000.0,95.5815,14374.57,12750609.45,2025-06-30,5,366,0.004999999255232979
XS2348703864,BEVC LU 1.0 01-30,2030-01-16,1.0,10000000.0,90.0975,45753.42,9055503.42,2025-06-30,5,366,-7.275957614183426e-11
XS2351301499,ACEF HO 0.75 06-28,2028-06-14,0.75,4350000.0,94.15,1608.9,4097133.9,2025-06-30,5,366,-9.322320693172514e-11
XS2360853332,PROS NV 1.288 07-29,2029-07-13,1.288,12800000.0,92.7625,159895.5,12033495.5,2025-06-30,5,366,0.0
XS2362994068,NEMA SA 2.25 07-28,2028-07-20,2.25,27300000.0,93.6275,583958.22,26144265.72,2025-06-30,5,366,-1.1641532182693481e-09
XS2381853436,NATL GR 0.75 09-33,2033-09-01,0.75,5000000.0,80.144,31232.88,4038432.88,2025-06-30,5,366,-1.127773430198431e-10
XS2387052744,CAST HE 0.875 09-29,2029-09-17,0.875,200000.0,90.1785,1380.82,181737.82,2025-06-30,5,366,7.048583938740194e-12
XS2390400807,ENEL FI 0.875 09-34,2034-09-28,0.875,20000000.0,78.721,132808.22,15877008.22,2025-06-30,5,366,6.693881005048752e-10
XS2393687350,CONS EN 5.0 10-28,2028-10-15,5.0,11400000.0,85.648,121916.67,9885788.67,2025-06-30,5,EUR,-7.275957614183426e-11
XS2430287362,PROS NV 2.085 01-30,2030-01-19,2.085,12600000.0,95.042,118039.56,12093331.56,2025-06-30,5,366,5.238689482212067e-10
XS2430287529,PROS NV 1.207 01-26,2026-01-19,1.207,6050000.0,99.4205,32810.56,6047750.81,2025-06-30,5,366,-4.0745362639427185e-10
XS2468979302,CETI FI 3.125 04-27,2027-04-14,3.125,18000000.0,100.7475,121746.58,18256296.58,2025-06-30,5,366,-1.7898855730891228e-09
XS2498554992,ALD 4.0 07-27,2027-07-05,4.0,4000000.0,102.9005,158684.93,4274704.93,2025-06-30,5,366,-2.9103830456733704e-10
XS2551903425,HONE IN 4.125 11-34,2034-11-02,4.125,10000000.0,104.2705,273493.15,10700543.15,2025-06-30,5,366,3.4924596548080444e-10
XS2572996606,COOP RA 4.0 01-30,2030-01-10,4.0,17100000.0,104.6675,324197.26,18222339.76,2025-06-30,5,366,1.6298145055770874e-09
XS2576067081,NATL GR 4.275 01-35,2035-01-16,4.275,10000000.0,104.0965,195595.89,10605245.89,2025-06-30,5,366,-1.280568540096283e-09
XS2577384691,HOLD IN 4.25 03-30,2030-03-18,4.25,5300000.0,104.5145,65415.07,5604683.57,2025-06-30,5,366,2.9831426218152046e-10
XS2587104444,IM GROU 8.0 03-28,2028-03-01,8.0,8500000.0,56.0635,202111.11,4967508.61,2025-06-30,5,EUR,3.4924596548080444e-10
XS2594025814,ARCA NV 4.875 02-28,2028-02-28,4.875,6800000.0,104.608,112619.18,7225963.18,2025-06-30,5,366,-2.9103830456733704e-10
XS2613209670,SYDN AI 4.375 05-33,2033-05-03,4.375,20000000.0,105.0745,143835.62,21158735.62,2025-06-30,5,366,1.0477378964424133e-09
XS2617457127,VOLK BA 4.625 05-31,2031-05-03,4.625,21000000.0,104.979,159657.53,22205247.53,2025-06-30,5,366,1.1932570487260818e-09
XS2621007660,BOOK 4.125 05-33,2033-05-12,4.125,17800000.0,104.346,102593.84,18676181.84,2025-06-30,5,366,-1.4551915228366852e-10
XS2621757405,CORN 3.875 05-26,2026-05-15,3.875,18350000.0,101.002,93509.59,18627376.59,2025-06-30,5,366,-1.4551915228366852e-10
XS2625194225,Indu Po 4.75 06-30,2030-06-01,4.75,20000000.0,106.482,80684.93,21377084.93,2025-06-30,5,366,-2.9103830456733704e-10
XS2626289222,3I GROU 4.875 06-29,2029-06-14,4.875,17500000.0,106.205,42071.92,18627946.92,2025-06-30,5,366,1.7898855730891228e-09
XS2656537664,LEASYS 4.5 07-26,2026-07-26,4.5,8000000.0,102.0215,336328.77,8498048.77,2025-06-30,5,366,-4.656612873077393e-10
XS2662538425,BARC 4.918 08-30,2030-08-08,4.918,20000000.0,106.6785,883892.6,22219592.6,2025-06-30,5,366,1.5133991837501526e-09
XS2698045130,ELEC AB 4.5 09-28,2028-09-29,4.5,25000000.0,103.6485,850684.93,26762809.93,2025-06-30,5,366,-3.4924596548080444e-10
XS2708354811,CA AUTO 4.75 01-27,2027-01-25,4.75,10000000.0,103.2875,205616.44,10534366.44,2025-06-30,5,366,-5.238689482212067e-10
XS2713801780,NIBC BA 6.0 11-28,2028-11-16,6.0,18000000.0,109.4145,674630.14,20369240.14,2025-06-30,5,366,5.820766091346741e-10
XS2723556572,MACQ GR 4.747 01-30,2030-01-23,4.747,20000000.0,107.1075,416184.11,21837684.11,2025-06-30,5,366,-5.820766091346741e-10
XS2728561098,JDE PEE 4.125 01-30,2030-01-23,4.125,9100000.0,104.064,164547.95,9634371.95,2025-06-30,5,366,1.1059455573558807e-09
XS2742660660,MOTA OP 3.875 01-34,2034-01-24,3.875,18650000.0,101.5365,314814.55,19251371.8,2025-06-30,5,366,7.566995918750763e-10
XS2753547673,LOGI FI 4.625 07-28,2028-07-25,4.625,5050000.0,103.996,218844.86,5470642.86,2025-06-30,6,366,3.4924596548080444e-10
XS2776519980,AUST PA 4.0 06-34,2034-06-07,4.0,28400000.0,101.8785,77808.22,29011302.22,2025-06-30,6,366,-1.1932570487260818e-09
XS2776890068,HONE IN 3.75 03-36,2036-03-01,3.75,10000000.0,99.5045,126369.86,10076819.86,2025-06-30,6,366,1.2660166248679161e-09
XS2778383898,CITY TR 6.5 03-29,2029-03-08,6.5,4000000.0,107.5015,82630.14,4382690.14,2025-06-30,6,366,-3.346940502524376e-10
XS2778764006,TRAN FI 3.713 03-32,2032-03-12,3.713,18850000.0,101.8965,214763.99,19422254.24,2025-06-30,6,366,-1.6298145055770874e-09
XS2792575453,CT INVE 6.375 04-30,2030-04-15,6.375,5000000.0,103.367,68177.08,5236527.08,2025-06-30,6,EUR,7.275957614183426e-11
XS2805234700,FLUT TR 5.0 04-29,2029-04-29,5.0,4500000.0,103.838,48125.0,4720835.0,2025-06-30,6,EUR,0.0
XS2807518639,TDC NET 5.186 08-29,2029-08-02,5.186,31400000.0,104.709,1490101.19,34368727.19,2025-06-30,6,366,-2.3283064365386963e-09
XS2815976126,CPI PRO 7.0 05-29,2029-05-07,7.0,20000000.0,107.2305,214794.52,21660894.52,2025-06-30,6,366,-4.16184775531292e-09
XS2816031160,Gene Mo 4.0 07-30,2030-07-10,4.0,9300000.0,102.5585,363846.58,9901787.08,2025-06-30,6,366,5.820766091346741e-11
XS2823261834,EATO CA 3.802 05-36,2036-05-21,3.802,30000000.0,100.806,131247.12,30373047.12,2025-06-30,6,366,1.0477378964424133e-09
XS2825539617,AVIN AS 3.5 05-34,2034-05-29,3.5,20000000.0,100.072,65205.48,20079605.48,2025-06-30,6,366,4.43833414465189e-10
XS2828685631,GREN FI 5.75 07-29,2029-07-06,5.75,13050000.0,105.0045,742151.71,14445238.96,2025-06-30,6,366,9.313225746154785e-10
XS2835773255,INTL PE 10.75 12-29,2029-12-14,10.75,6000000.0,110.775,31721.31,6678221.31,2025-06-30,6,UST,-4.1109160520136356e-10
XS2844398482,KS AKTU 4.25 06-29,2029-06-19,4.25,15400000.0,104.0355,23310.96,16044777.96,2025-06-30,6,366,8.949427865445614e-10
XS2852136063,Koni DS 3.625 07-34,2034-07-02,3.625,10000000.0,101.224,0.0,10122400.0,2025-06-30,6,366,0.0
XS2855975285,GRAN CI 4.375 01-30,2030-01-09,4.375,3200000.0,103.711,66739.73,3385491.73,2025-06-30,6,366,-1.4551915228366852e-11
XS2860457071,AROU 4.8 07-29,2029-07-16,4.8,19800000.0,104.2005,913946.3,21545645.3,2025-06-30,6,366,6.984919309616089e-10
XS2875106168,ZIMM BI 3.518 12-32,2032-12-15,3.518,16800000.0,99.4125,362600.02,17063900.02,2025-06-30,6,366,-4.656612873077393e-10
XS2887896574,MTU AER 3.875 09-31,2031-09-18,3.875,9000000.0,103.1845,274222.6,9560827.6,2025-06-30,6,366,-3.4924596548080444e-10
XS2893175625,IGT LOT 4.25 03-30,2030-03-15,4.25,7600000.0,102.0225,96002.78,7849712.78,2025-06-30,6,EUR,2.6193447411060333e-10
XS2894910665,NATL GR 3.631 09-31,2031-09-03,3.631,20000000.0,101.802,600855.89,20961255.89,2025-06-30,6,366,-3.14321368932724e-09
XS2905583014,FCC SER 3.715 10-31,2031-10-08,3.715,20850000.0,100.5175,566608.75,21524507.5,2025-06-30,6,366,0.0
XS2919072962,ASK CHE 10.0 11-29,2029-11-15,10.0,13500000.0,99.9275,288750.0,13778962.5,2025-06-30,6,EUR,0.0
XS2919214937,GATW 3.625 10-33,2033-10-16,3.625,25000000.0,99.3605,643065.07,25483190.07,2025-06-30,6,366,3.4924596548080444e-10
XS2923451194,LOUI DR 3.5 10-31,2031-10-22,3.5,20000000.0,99.069,485205.48,20299005.48,2025-06-30,6,366,4.656612873077393e-10
XS2925845393,LEASYS 3.375 01-29,2029-01-25,3.375,15664000.0,101.532,228844.6,16132817.08,2025-06-30,6,366,-3.7834979593753815e-10
XS2938562068,KION GR 4.0 11-29,2029-11-20,4.0,17000000.0,101.22,417315.07,17624715.07,2025-06-30,6,366,2.9103830456733704e-10
XS3003232272,FAST AB 4.0 02-32,2032-02-19,4.0,8000000.0,99.763,116602.74,8097642.74,2025-06-30,6,366,2.1827872842550278e-10
XS3003295519,KPN 3.375 02-35,2035-02-17,3.375,19500000.0,97.435,243416.1,19243241.1,2025-06-30,6,366,1.4842953532934189e-09
XS3004195007,AIR PRO 2.95 05-31,2031-05-14,2.95,22000000.0,98.782,87126.03,21819166.03,2025-06-30,6,366,1.1932570487260818e-09
XS3019303133,VAR ENE 3.875 03-31,2031-03-12,3.875,20000000.0,100.4065,237808.22,20319108.22,2025-06-30,6,366,-1.1932570487260818e-09
XS3024074950,MANC AI 4.0 03-35,2035-03-19,4.0,14900000.0,101.357,171452.05,15273645.05,2025-06-30,6,366,7.566995918750763e-10
XS3027988263,SSE 3.5 03-32,2032-03-18,3.5,23500000.0,101.1295,238863.01,24004295.51,2025-06-30,6,366,1.6298145055770874e-09
XS3032046016,INVE AB 3.5 03-34,2034-03-31,3.5,8800000.0,101.1195,78476.71,8976992.71,2025-06-30,6,366,8.87666828930378e-10
XS3040316971,INFR WI 3.75 04-30,2030-04-01,3.75,17700000.0,101.1245,167301.37,18066337.87,2025-06-30,6,366,1.0477378964424133e-09
XS3040333638,HLD EUR 4.125 04-30,2030-04-02,4.125,9900000.0,102.049,101814.04,10204665.04,2025-06-30,6,366,-2.750311978161335e-09
XS3047452316,LOTT GR 4.875 01-31,2031-01-31,4.875,5400000.0,102.681,35831.25,5580605.25,2025-06-30,6,EUR,0.0
XS3060660050,FISE FU 3.5 06-32,2032-06-15,3.5,17300000.0,99.739,28201.37,17283048.37,2025-06-30,6,366,1.0440999176353216e-09
XS3064423174,ALPH 3.0 05-33,2033-05-06,3.0,19200000.0,99.198,89950.68,19135966.68,2025-06-30,6,366,3.434251993894577e-09
XS3071337847,CYR 4.75 05-30,2030-05-29,4.75,26200000.0,101.1665,115926.03,26621549.03,2025-06-30,6,366,1.1932570487260818e-09
XS3074456891,INFO 3.375 06-31,2031-06-09,3.375,18850000.0,99.4635,40088.53,18788958.28,2025-06-30,6,366,1.1932570487260818e-09
XS3077018714,NEXI 3.875 05-31,2031-05-21,3.875,31200000.0,100.7675,139117.81,31578577.81,2025-06-30,6,366,-1.3387762010097504e-09
XS3080462222,CESK DR 3.75 07-30,2030-07-28,3.75,7900000.0,101.5995,28407.53,8054768.03,2025-06-30,6,366,2.6193447411060333e-10
XS3086867440,ELM BV 3.375 06-30,2030-06-19,3.375,37800000.0,99.633,45437.67,37706711.67,2025-06-30,6,366,1.7898855730891228e-09
XS3087726595,NIBC BA 3.5 06-30,2030-06-05,3.5,13000000.0,100.0145,33657.53,13035542.53,2025-06-30,6,UST,-6.693881005048752e-10
XS3090952519,WERF 3.625 02-32,2032-02-12,3.625,35600000.0,99.776,70712.33,35590968.33,2025-06-30,6,366,-1.7898855730891228e-09
XS3100767915,SES 4.125 06-30,2030-06-24,4.125,15900000.0,100.92,14375.34,16060655.34,2025-06-30,6,366,-1.4915713109076023e-10
