date,rendement_entreprises,rendement_bund,spread
2021-06-30,0.0096,-0.0028000000000000004,0.0124
2021-07-01,0.0095,-0.0028000000000000004,0.0123
2021-07-02,0.009300000000000001,-0.0031,0.0124
2021-07-05,0.009300000000000001,-0.0031,0.0124
2021-07-06,0.009399999999999999,-0.0031,0.0125
2021-07-07,0.009000000000000001,-0.0036,0.0126
2021-07-08,0.0088,-0.0040999999999999995,0.0129
2021-07-09,0.0089,-0.0039000000000000003,0.0128
2021-07-12,0.0089,-0.0038,0.0127
2021-07-13,0.0089,-0.0037,0.0126
2021-07-14,0.0089,-0.0037,0.0126
2021-07-15,0.0087,-0.0040999999999999995,0.0128
2021-07-16,0.0086,-0.0040999999999999995,0.0127
2021-07-19,0.0085,-0.0043,0.0128
2021-07-20,0.0083,-0.004699999999999999,0.012999999999999998
2021-07-21,0.0083,-0.0046,0.0129
2021-07-22,0.0083,-0.0046,0.0129
2021-07-23,0.008199999999999999,-0.004699999999999999,0.0129
2021-07-26,0.008,-0.0049,0.0129
2021-07-27,0.008,-0.005,0.013000000000000001
2021-07-28,0.0079,-0.005,0.0129
2021-07-29,0.0078000000000000005,-0.005,0.0128
2021-07-30,0.0077,-0.005,0.0127
2021-08-02,0.0074,-0.0051,0.0125
2021-08-03,0.0073,-0.0052,0.0125
2021-08-04,0.0070999999999999995,-0.0054,0.0125
2021-08-05,0.006999999999999999,-0.005600000000000001,0.0126
2021-08-06,0.0070999999999999995,-0.0055000000000000005,0.0126
2021-08-09,0.0073,-0.0053,0.0126
2021-08-10,0.0073,-0.0052,0.0125
2021-08-11,0.0075,-0.005,0.0125
2021-08-12,0.0074,-0.0051,0.0125
2021-08-13,0.0075,-0.0051,0.0126
2021-08-16,0.0074,-0.0052,0.0126
2021-08-17,0.0073,-0.0054,0.0127
2021-08-18,0.0074,-0.0053,0.0127
2021-08-19,0.0074,-0.0054,0.0128
2021-08-20,0.0073,-0.0054,0.0127
2021-08-23,0.0075,-0.0051,0.0126
2021-08-24,0.0075,-0.0053,0.0128
2021-08-25,0.0076,-0.0051,0.0127
2021-08-26,0.0079,-0.0046,0.0125
2021-08-27,0.008,-0.004699999999999999,0.0127
2021-08-30,0.0079,-0.0048,0.0127
2021-08-31,0.008,-0.0048,0.0128
2021-09-01,0.0084,-0.0043,0.0127
2021-09-02,0.0083,-0.0044,0.0127
2021-09-03,0.0083,-0.0044,0.0127
2021-09-06,0.0085,-0.0042,0.0127
2021-09-07,0.0087,-0.0039000000000000003,0.0126
2021-09-08,0.0088,-0.0039000000000000003,0.0127
2021-09-09,0.0088,-0.0039000000000000003,0.0127
2021-09-10,0.0086,-0.004,0.0126
2021-09-13,0.0087,-0.0039000000000000003,0.0126
2021-09-14,0.0086,-0.0038,0.0124
2021-09-15,0.0085,-0.004,0.0125
2021-09-16,0.0086,-0.0037,0.0123
2021-09-17,0.0087,-0.0034999999999999996,0.012199999999999999
2021-09-20,0.0086,-0.0038,0.0124
2021-09-21,0.0086,-0.0037,0.0123
2021-09-22,0.0086,-0.0038,0.0124
2021-09-23,0.0088,-0.0037,0.0125
2021-09-24,0.0091,-0.0032,0.0123
2021-09-27,0.009300000000000001,-0.0029,0.012199999999999999
2021-09-28,0.0092,-0.0028000000000000004,0.012000000000000002
2021-09-29,0.0091,-0.003,0.0121
2021-09-30,0.0091,-0.003,0.0121
2021-10-01,0.0091,-0.0031,0.012199999999999999
2021-10-04,0.0092,-0.003,0.012199999999999999
2021-10-05,0.0091,-0.0031,0.012199999999999999
2021-10-06,0.0097,-0.0026,0.0123
2021-10-07,0.0096,-0.0028000000000000004,0.0124
2021-10-08,0.0097,-0.0025,0.012199999999999999
2021-10-11,0.0101,-0.0024,0.0125
2021-10-12,0.0103,-0.0023,0.0126
2021-10-13,0.0104,-0.0023,0.0127
2021-10-14,0.0101,-0.0024,0.0125
2021-10-15,0.0098,-0.0026,0.0124
2021-10-18,0.0101,-0.0023,0.0124
2021-10-19,0.0102,-0.0024,0.0126
2021-10-20,0.0102,-0.0022,0.0124
2021-10-21,0.0102,-0.0022,0.0124
2021-10-22,0.0105,-0.0019,0.0124
2021-10-25,0.0105,-0.002,0.0125
2021-10-26,0.0102,-0.0024,0.0126
2021-10-27,0.0101,-0.0025,0.0126
2021-10-28,0.0101,-0.0027,0.0128
2021-10-29,0.0105,-0.0022,0.0127
2021-11-01,0.0106,-0.0021,0.0127
2021-11-02,0.0101,-0.0026,0.0127
2021-11-03,0.0098,-0.003,0.0128
2021-11-04,0.0096,-0.0029,0.0125
2021-11-05,0.0092,-0.0034000000000000002,0.0126
2021-11-08,0.009000000000000001,-0.0037,0.0127
2021-11-09,0.0089,-0.0036,0.0125
2021-11-10,0.0088,-0.0039000000000000003,0.0127
2021-11-11,0.0092,-0.0034999999999999996,0.0127
2021-11-12,0.009300000000000001,-0.0034999999999999996,0.0128
2021-11-15,0.0091,-0.0039000000000000003,0.013000000000000001
2021-11-16,0.0095,-0.0034999999999999996,0.012999999999999998
2021-11-17,0.0097,-0.0036,0.013300000000000001
2021-11-18,0.0097,-0.0037,0.013399999999999999
2021-11-19,0.009300000000000001,-0.0043,0.013600000000000001
2021-11-22,0.0092,-0.0044,0.013600000000000001
2021-11-23,0.009899999999999999,-0.0038,0.0137
2021-11-24,0.01,-0.0036,0.0136
2021-11-25,0.0103,-0.0036,0.013900000000000001
2021-11-26,0.0106,-0.0042,0.0148
2021-11-29,0.010700000000000001,-0.0042,0.0149
2021-11-30,0.0106,-0.0046,0.0152
2021-12-01,0.0106,-0.0042,0.0148
2021-12-02,0.0101,-0.0045000000000000005,0.0146
2021-12-03,0.0098,-0.0046,0.0144
2021-12-06,0.0096,-0.0046,0.014199999999999999
2021-12-07,0.0096,-0.0045000000000000005,0.0141
2021-12-08,0.009300000000000001,-0.004699999999999999,0.013999999999999999
2021-12-09,0.0095,-0.0042,0.013699999999999999
2021-12-10,0.0096,-0.0042,0.0138
2021-12-13,0.0095,-0.0044,0.0139
2021-12-15,0.0095,-0.0044,0.0139
2021-12-16,0.0096,-0.0042,0.0138
2021-12-17,0.009399999999999999,-0.0042,0.0136
2021-12-20,0.0092,-0.0046,0.013800000000000002
2021-12-21,0.009399999999999999,-0.0042,0.0136
2021-12-22,0.0098,-0.0036,0.013399999999999999
2021-12-23,0.009899999999999999,-0.0034999999999999996,0.013399999999999999
2021-12-27,0.0102,-0.0032,0.0134
2021-12-28,0.0102,-0.0031,0.013300000000000001
2021-12-29,0.0102,-0.0031,0.013300000000000001
2021-12-30,0.0104,-0.0028000000000000004,0.0132
2022-01-03,0.010700000000000001,-0.0026,0.013300000000000001
2022-01-04,0.0108,-0.0023,0.0131
2022-01-05,0.010700000000000001,-0.0023,0.013000000000000001
2022-01-06,0.0109,-0.0019,0.0128
2022-01-07,0.0109,-0.002,0.0129
2022-01-10,0.0111,-0.0017000000000000001,0.0128
2022-01-11,0.0113,-0.0018,0.013099999999999999
2022-01-12,0.0113,-0.0017000000000000001,0.012999999999999998
2022-01-13,0.0113,-0.0018,0.013099999999999999
2022-01-14,0.0113,-0.002,0.0133
2022-01-17,0.011699999999999999,-0.0017000000000000001,0.013399999999999999
2022-01-18,0.011899999999999999,-0.0015,0.013399999999999999
2022-01-19,0.0121,-0.0013,0.013399999999999999
2022-01-20,0.011899999999999999,-0.0016,0.013499999999999998
2022-01-21,0.011699999999999999,-0.0019,0.0136
2022-01-24,0.0116,-0.0023,0.0139
2022-01-25,0.011899999999999999,-0.0021,0.013999999999999999
2022-01-26,0.012,-0.0021,0.0141
2022-01-27,0.0123,-0.0018,0.0141
2022-01-28,0.0125,-0.0018,0.0143
2022-01-31,0.013000000000000001,-0.0014000000000000002,0.0144
2022-02-01,0.013300000000000001,-0.0013,0.0146
2022-02-02,0.0134,-0.001,0.014400000000000001
2022-02-03,0.0137,-0.0009,0.014600000000000002
2022-02-04,0.0158,0.0004,0.0154
2022-02-07,0.0173,0.0012,0.0161
2022-02-08,0.0173,0.0009,0.016399999999999998
2022-02-09,0.017,0.001,0.016
2022-02-10,0.0167,0.0012,0.015499999999999998
2022-02-11,0.0173,0.0014000000000000002,0.015899999999999997
2022-02-14,0.0174,0.0008,0.0166
2022-02-15,0.0179,0.0015,0.0164
2022-02-16,0.0178,0.0018,0.016
2022-02-17,0.0175,0.0015,0.016
2022-02-18,0.0172,0.001,0.0162
2022-02-21,0.0171,0.001,0.0161
2022-02-22,0.0178,0.0008,0.017
2022-02-23,0.0182,0.0013,0.0169
2022-02-24,0.0187,0.0003,0.0184
2022-02-25,0.0189,0.0006,0.018299999999999997
2022-02-28,0.018799999999999997,0.0008,0.018
2022-03-01,0.0175,-0.0009,0.0184
2022-03-02,0.0168,-0.0017000000000000001,0.0185
2022-03-03,0.0175,-0.0008,0.0183
2022-03-04,0.0172,-0.0015,0.018699999999999998
2022-03-07,0.0178,-0.0022,0.02
2022-03-08,0.0195,-0.0009,0.0204
2022-03-09,0.0202,0.0002,0.02
2022-03-10,0.0206,0.0002,0.0204
2022-03-11,0.0213,0.0012,0.020099999999999996
2022-03-14,0.0215,0.0021,0.0194
2022-03-15,0.0218,0.002,0.0198
2022-03-16,0.0218,0.0022,0.019600000000000003
2022-03-17,0.0216,0.0022,0.0194
2022-03-18,0.021099999999999997,0.0022,0.0189
2022-03-21,0.021099999999999997,0.0025,0.0186
2022-03-22,0.0217,0.0034000000000000002,0.018299999999999997
2022-03-23,0.0216,0.0033,0.0183
2022-03-24,0.0218,0.0038,0.018000000000000002
2022-03-25,0.0219,0.0036,0.0183
2022-03-28,0.0229,0.004699999999999999,0.0182
2022-03-29,0.0232,0.0051,0.018099999999999998
2022-03-30,0.023,0.0054,0.017599999999999998
2022-03-31,0.022400000000000003,0.005,0.017400000000000002
2022-04-01,0.0225,0.0048,0.0177
2022-04-04,0.022099999999999998,0.0040999999999999995,0.018000000000000002
2022-04-05,0.0223,0.0045000000000000005,0.0178
2022-04-06,0.0231,0.0054,0.0177
2022-04-07,0.0231,0.0052,0.0179
2022-04-08,0.0235,0.0058,0.0177
2022-04-11,0.024399999999999998,0.0067,0.0177
2022-04-12,0.024900000000000002,0.0075,0.017400000000000002
2022-04-13,0.024900000000000002,0.0072,0.017700000000000004
2022-04-14,0.024700000000000003,0.0068000000000000005,0.0179
2022-04-19,0.0254,0.0079,0.0175
2022-04-20,0.0253,0.0074,0.0179
2022-04-21,0.0258,0.0079,0.0179
2022-04-22,0.0264,0.0083,0.0181
2022-04-25,0.026600000000000002,0.0079,0.0187
2022-04-26,0.0264,0.0074,0.019000000000000003
2022-04-27,0.026600000000000002,0.0069,0.019700000000000002
2022-04-28,0.026699999999999998,0.006999999999999999,0.0197
2022-04-29,0.0277,0.0079,0.019799999999999998
2022-05-02,0.0278,0.008,0.019799999999999998
2022-05-03,0.028300000000000002,0.0086,0.019700000000000002
2022-05-04,0.028900000000000002,0.0087,0.0202
2022-05-05,0.028900000000000002,0.0086,0.020300000000000002
2022-05-06,0.0301,0.009399999999999999,0.0207
2022-05-09,0.0317,0.0098,0.0219
2022-05-10,0.0313,0.0091,0.022199999999999998
2022-05-11,0.0304,0.008199999999999999,0.0222
2022-05-12,0.029500000000000002,0.0074,0.022099999999999998
2022-05-13,0.029500000000000002,0.0074,0.022099999999999998
2022-05-16,0.03,0.0083,0.0217
2022-05-17,0.0301,0.0084,0.0217
2022-05-18,0.0305,0.0091,0.021399999999999995
2022-05-19,0.030600000000000002,0.0083,0.0223
2022-05-20,0.0308,0.0087,0.022099999999999998
2022-05-23,0.030699999999999998,0.0085,0.022199999999999998
2022-05-24,0.031200000000000002,0.0087,0.0225
2022-05-25,0.0308,0.0084,0.022400000000000003
2022-05-26,0.0308,0.008100000000000001,0.0227
2022-05-27,0.030600000000000002,0.0089,0.0217
2022-05-30,0.030699999999999998,0.0095,0.0212
2022-05-31,0.030899999999999997,0.0097,0.0212
2022-06-01,0.031400000000000004,0.0102,0.0212
2022-06-02,0.0319,0.011000000000000001,0.0209
2022-06-03,0.0323,0.011399999999999999,0.0209
2022-06-06,0.0326,0.011899999999999999,0.0207
2022-06-07,0.0327,0.0118,0.0209
2022-06-08,0.033,0.012199999999999999,0.0208
2022-06-09,0.0335,0.0124,0.021100000000000004
2022-06-10,0.0351,0.0131,0.022
2022-06-13,0.0383,0.0147,0.023600000000000003
2022-06-14,0.04019999999999999,0.015600000000000001,0.024599999999999997
2022-06-15,0.0412,0.0166,0.0246
2022-06-16,0.042,0.017,0.025
2022-06-17,0.0417,0.015700000000000002,0.025999999999999995
2022-06-20,0.0415,0.0155,0.026000000000000006
2022-06-21,0.0421,0.016399999999999998,0.025700000000000004
2022-06-22,0.0416,0.016,0.0256
2022-06-23,0.0403,0.013600000000000001,0.026699999999999998
2022-06-24,0.0401,0.013600000000000001,0.026499999999999996
2022-06-27,0.0405,0.013999999999999999,0.0265
2022-06-28,0.0416,0.0151,0.026500000000000003
2022-06-29,0.0421,0.0149,0.0272
2022-06-30,0.042,0.0132,0.0288
2022-07-01,0.0412,0.0128,0.028399999999999998
2022-07-04,0.0408,0.011899999999999999,0.028900000000000002
2022-07-05,0.0406,0.011399999999999999,0.0292
2022-07-06,0.0395,0.0105,0.029000000000000005
2022-07-07,0.039900000000000005,0.0113,0.028600000000000004
2022-07-08,0.0395,0.011000000000000001,0.0285
2022-07-11,0.0393,0.011200000000000002,0.0281
2022-07-12,0.0382,0.0095,0.0287
2022-07-13,0.0374,0.009899999999999999,0.0275
2022-07-14,0.0383,0.0109,0.0274
2022-07-15,0.0378,0.0095,0.028300000000000002
2022-07-18,0.0378,0.0104,0.027399999999999997
2022-07-19,0.038,0.0109,0.0271
2022-07-20,0.037200000000000004,0.0109,0.0263
2022-07-21,0.037000000000000005,0.0115,0.025500000000000002
2022-07-22,0.0352,0.009399999999999999,0.0258
2022-07-25,0.0341,0.0095,0.0246
2022-07-26,0.0329,0.0085,0.024399999999999998
2022-07-27,0.0331,0.008100000000000001,0.025
2022-07-28,0.033,0.0086,0.024399999999999998
2022-07-29,0.0317,0.0077,0.024
2022-08-01,0.030899999999999997,0.0072,0.023700000000000002
2022-08-02,0.029900000000000003,0.006,0.0239
2022-08-03,0.0311,0.0072,0.023899999999999998
2022-08-04,0.030899999999999997,0.0075,0.023399999999999997
2022-08-05,0.030299999999999997,0.0068000000000000005,0.023499999999999997
2022-08-08,0.031200000000000002,0.0076,0.023600000000000003
2022-08-09,0.0311,0.008,0.023099999999999996
2022-08-10,0.0313,0.0078000000000000005,0.023499999999999997
2022-08-11,0.0311,0.008100000000000001,0.023
2022-08-12,0.0315,0.0087,0.022799999999999997
2022-08-15,0.031400000000000004,0.0084,0.023000000000000003
2022-08-16,0.0308,0.008199999999999999,0.022600000000000002
2022-08-17,0.032400000000000005,0.0097,0.022700000000000005
2022-08-18,0.0334,0.0101,0.0233
2022-08-19,0.034300000000000004,0.0108,0.0235
2022-08-22,0.0352,0.011200000000000002,0.024
2022-08-23,0.0368,0.012,0.024800000000000003
2022-08-24,0.037000000000000005,0.011899999999999999,0.0251
2022-08-25,0.0366,0.0121,0.0245
2022-08-26,0.0365,0.0123,0.0242
2022-08-29,0.0381,0.013999999999999999,0.0241
2022-08-30,0.0382,0.013600000000000001,0.0246
2022-08-31,0.0395,0.0143,0.025200000000000004
2022-09-01,0.0407,0.015,0.025700000000000004
2022-09-02,0.0408,0.0147,0.0261
2022-09-05,0.0406,0.014499999999999999,0.026099999999999995
2022-09-06,0.0405,0.014199999999999999,0.0263
2022-09-07,0.0407,0.0144,0.026300000000000004
2022-09-08,0.0406,0.0146,0.025999999999999995
2022-09-09,0.0412,0.0161,0.025099999999999997
2022-09-12,0.0403,0.0158,0.0245
2022-09-13,0.0398,0.0155,0.0243
2022-09-14,0.0412,0.016200000000000003,0.025
2022-09-15,0.0414,0.016399999999999998,0.025
2022-09-16,0.0421,0.0168,0.025300000000000003
2022-09-19,0.042199999999999994,0.0169,0.0253
2022-09-20,0.043,0.018000000000000002,0.025
2022-09-21,0.0435,0.0178,0.025699999999999994
2022-09-22,0.044000000000000004,0.018000000000000002,0.026000000000000006
2022-09-23,0.0453,0.0191,0.0262
2022-09-26,0.0464,0.0199,0.026499999999999996
2022-09-27,0.0466,0.020099999999999996,0.026500000000000003
2022-09-28,0.048600000000000004,0.022099999999999998,0.026500000000000003
2022-09-29,0.049100000000000005,0.0213,0.027800000000000002
2022-09-30,0.0481,0.020099999999999996,0.027999999999999997
2022-10-03,0.0478,0.020099999999999996,0.027700000000000006
2022-10-04,0.045,0.017,0.027999999999999997
2022-10-05,0.0452,0.018500000000000003,0.026699999999999995
2022-10-06,0.04650000000000001,0.019299999999999998,0.027200000000000005
2022-10-07,0.047599999999999996,0.0203,0.0273
2022-10-10,0.0481,0.020499999999999997,0.0276
2022-10-11,0.0496,0.022000000000000002,0.0276
2022-10-12,0.0499,0.0222,0.0277
2022-10-13,0.049800000000000004,0.0218,0.028000000000000004
2022-10-14,0.0495,0.021099999999999997,0.0284
2022-10-17,0.0499,0.0215,0.0284
2022-10-18,0.049800000000000004,0.022400000000000003,0.0274
2022-10-19,0.05,0.0226,0.0274
2022-10-20,0.051,0.0235,0.027499999999999997
2022-10-21,0.0518,0.0241,0.027699999999999995
2022-10-24,0.0504,0.0232,0.027200000000000002
2022-10-25,0.049800000000000004,0.0219,0.027900000000000005
2022-10-26,0.049100000000000005,0.021099999999999997,0.028000000000000004
2022-10-27,0.048799999999999996,0.021400000000000002,0.027399999999999997
2022-10-28,0.04769999999999999,0.0206,0.027099999999999996
2022-10-31,0.0479,0.021,0.0269
2022-11-01,0.046799999999999994,0.020099999999999996,0.026699999999999998
2022-11-02,0.046900000000000004,0.0209,0.026000000000000006
2022-11-03,0.0479,0.0217,0.0262
2022-11-04,0.048,0.0219,0.026099999999999998
2022-11-07,0.047599999999999996,0.022099999999999998,0.0255
2022-11-08,0.04769999999999999,0.0227,0.024999999999999994
2022-11-09,0.0467,0.022000000000000002,0.024699999999999996
2022-11-10,0.0462,0.0215,0.024700000000000003
2022-11-11,0.044000000000000004,0.0204,0.023600000000000003
2022-11-14,0.0437,0.021,0.0227
2022-11-15,0.0436,0.0209,0.022700000000000005
2022-11-16,0.0433,0.0209,0.022400000000000003
2022-11-17,0.0426,0.0197,0.0229
2022-11-18,0.043,0.0206,0.022399999999999996
2022-11-21,0.0426,0.020099999999999996,0.0225
2022-11-22,0.0425,0.02,0.0225
2022-11-23,0.042199999999999994,0.0199,0.022299999999999997
2022-11-24,0.0407,0.0184,0.022300000000000004
2022-11-25,0.040999999999999995,0.0192,0.021799999999999996
2022-11-28,0.0416,0.0196,0.022000000000000002
2022-11-29,0.0408,0.0189,0.021900000000000003
2022-11-30,0.041100000000000005,0.0192,0.021900000000000003
2022-12-01,0.04,0.0182,0.021799999999999996
2022-12-02,0.0392,0.0175,0.0217
2022-12-05,0.039599999999999996,0.018000000000000002,0.0216
2022-12-06,0.0395,0.0181,0.021400000000000002
2022-12-07,0.0392,0.0175,0.0217
2022-12-08,0.0391,0.0173,0.0218
2022-12-09,0.039900000000000005,0.0181,0.0218
2022-12-12,0.0405,0.018500000000000003,0.022
2022-12-13,0.0405,0.019,0.0215
2022-12-14,0.04,0.0192,0.0208
2022-12-15,0.04,0.0189,0.021100000000000004
2022-12-16,0.0425,0.0218,0.0207
2022-12-19,0.042800000000000005,0.0216,0.0212
2022-12-20,0.0434,0.0225,0.0209
2022-12-21,0.0438,0.0227,0.021099999999999997
2022-12-22,0.0438,0.023,0.0208
2022-12-23,0.0443,0.0236,0.0207
2022-12-27,0.0447,0.024700000000000003,0.019999999999999997
2022-12-28,0.045,0.0246,0.0204
2022-12-29,0.0452,0.0246,0.020599999999999997
2022-12-30,0.045,0.025,0.02
2023-01-02,0.0451,0.024700000000000003,0.020399999999999995
2023-01-03,0.0447,0.0235,0.021199999999999997
2023-01-04,0.0434,0.0229,0.020499999999999997
2023-01-05,0.0432,0.023,0.020200000000000006
2023-01-06,0.0432,0.0233,0.0199
2023-01-09,0.0425,0.022799999999999997,0.019700000000000002
2023-01-10,0.0425,0.022799999999999997,0.019700000000000002
2023-01-11,0.042199999999999994,0.0225,0.0197
2023-01-12,0.041299999999999996,0.022000000000000002,0.019299999999999998
2023-01-13,0.0404,0.021099999999999997,0.0193
2023-01-16,0.0406,0.022099999999999998,0.018499999999999996
2023-01-17,0.0406,0.0219,0.018699999999999998
2023-01-18,0.0394,0.0209,0.018500000000000003
2023-01-19,0.0393,0.0203,0.019000000000000003
2023-01-20,0.0401,0.0213,0.018799999999999997
2023-01-23,0.0406,0.0218,0.018799999999999994
2023-01-24,0.0407,0.0218,0.0189
2023-01-25,0.04,0.021,0.019
2023-01-26,0.04019999999999999,0.0217,0.018499999999999996
2023-01-27,0.0407,0.0225,0.018200000000000004
2023-01-30,0.040999999999999995,0.022799999999999997,0.018199999999999997
2023-01-31,0.0412,0.022799999999999997,0.018400000000000003
2023-02-01,0.041100000000000005,0.0226,0.018500000000000006
2023-02-02,0.04019999999999999,0.0225,0.017699999999999997
2023-02-03,0.0387,0.021400000000000002,0.0173
2023-02-06,0.0395,0.0226,0.016900000000000005
2023-02-07,0.04,0.022799999999999997,0.017200000000000003
2023-02-08,0.0404,0.0235,0.0169
2023-02-09,0.039900000000000005,0.022799999999999997,0.017100000000000004
2023-02-10,0.0404,0.023399999999999997,0.017
2023-02-13,0.0409,0.0235,0.0174
2023-02-14,0.0408,0.0236,0.017200000000000003
2023-02-15,0.0416,0.0241,0.0175
2023-02-16,0.0418,0.024700000000000003,0.017099999999999994
2023-02-17,0.0425,0.0254,0.0171
2023-02-20,0.04190000000000001,0.0246,0.017300000000000003
2023-02-21,0.0425,0.025099999999999997,0.017400000000000002
2023-02-22,0.0432,0.0256,0.0176
2023-02-23,0.0431,0.0254,0.017699999999999997
2023-02-24,0.042800000000000005,0.024900000000000002,0.0179
2023-02-27,0.0436,0.026000000000000002,0.0176
2023-02-28,0.0444,0.0268,0.0176
2023-03-01,0.0451,0.0276,0.0175
2023-03-02,0.045599999999999995,0.0279,0.017699999999999997
2023-03-03,0.045700000000000005,0.0274,0.0183
2023-03-06,0.0452,0.0271,0.018099999999999995
2023-03-07,0.0454,0.0273,0.0181
2023-03-08,0.0455,0.0277,0.017799999999999996
2023-03-09,0.0454,0.0277,0.0177
2023-03-10,0.0443,0.026099999999999998,0.018199999999999997
2023-03-13,0.0426,0.0232,0.0194
2023-03-14,0.0437,0.023799999999999998,0.0199
2023-03-15,0.043899999999999995,0.023399999999999997,0.020499999999999997
2023-03-16,0.0435,0.0229,0.020599999999999997
2023-03-17,0.0436,0.0226,0.021000000000000005
2023-03-20,0.0425,0.0202,0.0223
2023-03-21,0.0436,0.0223,0.021300000000000003
2023-03-22,0.0441,0.0233,0.0208
2023-03-23,0.0432,0.022799999999999997,0.020400000000000005
2023-03-24,0.042,0.0202,0.0218
2023-03-27,0.042699999999999995,0.0218,0.020899999999999995
2023-03-28,0.0433,0.0232,0.020100000000000003
2023-03-29,0.0433,0.023,0.020300000000000002
2023-03-30,0.043,0.0233,0.0197
2023-03-31,0.0437,0.0239,0.019799999999999998
2023-04-03,0.043,0.023799999999999998,0.0192
2023-04-04,0.0424,0.0232,0.019200000000000005
2023-04-05,0.04190000000000001,0.023,0.018900000000000007
2023-04-06,0.0406,0.021400000000000002,0.019199999999999995
2023-04-11,0.0414,0.0226,0.018799999999999997
2023-04-12,0.0418,0.023399999999999997,0.0184
2023-04-13,0.0417,0.024,0.0177
2023-04-14,0.0416,0.0241,0.0175
2023-04-17,0.0421,0.0246,0.0175
2023-04-18,0.0421,0.025099999999999997,0.017
2023-04-19,0.042199999999999994,0.0254,0.016799999999999995
2023-04-20,0.0421,0.0252,0.0169
2023-04-21,0.04190000000000001,0.0248,0.017100000000000004
2023-04-24,0.0421,0.025,0.0171
2023-04-25,0.04190000000000001,0.0248,0.017100000000000004
2023-04-26,0.0414,0.0235,0.017899999999999996
2023-04-27,0.0418,0.0245,0.017299999999999996
2023-04-28,0.0416,0.023700000000000002,0.0179
2023-05-02,0.041299999999999996,0.023799999999999998,0.0175
2023-05-03,0.0403,0.0226,0.017700000000000004
2023-05-04,0.0404,0.022799999999999997,0.0176
2023-05-05,0.04,0.0225,0.0175
2023-05-08,0.0406,0.0232,0.0174
2023-05-09,0.0406,0.0233,0.017299999999999996
2023-05-10,0.040999999999999995,0.023399999999999997,0.017599999999999998
2023-05-11,0.0401,0.023,0.0171
2023-05-12,0.0403,0.0225,0.017800000000000003
2023-05-15,0.0408,0.023,0.017800000000000003
2023-05-16,0.0409,0.0229,0.018
2023-05-17,0.0417,0.023399999999999997,0.0183
2023-05-18,0.0426,0.0242,0.0184
2023-05-19,0.043,0.024700000000000003,0.018299999999999997
2023-05-22,0.042699999999999995,0.024300000000000002,0.018399999999999993
2023-05-23,0.043,0.025,0.018
2023-05-24,0.0432,0.0248,0.018400000000000003
2023-05-25,0.0434,0.025099999999999997,0.0183
2023-05-26,0.0437,0.0254,0.0183
2023-05-29,0.0437,0.025099999999999997,0.018600000000000002
2023-05-30,0.042800000000000005,0.024399999999999998,0.018400000000000003
2023-05-31,0.0416,0.0231,0.018500000000000003
2023-06-01,0.042,0.023399999999999997,0.018600000000000002
2023-06-02,0.0417,0.0232,0.018500000000000003
2023-06-05,0.0425,0.0241,0.0184
2023-06-06,0.0421,0.023700000000000002,0.0184
2023-06-07,0.042199999999999994,0.0241,0.018099999999999995
2023-06-08,0.042800000000000005,0.024900000000000002,0.0179
2023-06-09,0.0424,0.0246,0.017800000000000003
2023-06-12,0.042,0.024300000000000002,0.0177
2023-06-13,0.04190000000000001,0.024300000000000002,0.0176
2023-06-14,0.0426,0.025,0.017599999999999998
2023-06-15,0.0429,0.0255,0.017400000000000002
2023-06-16,0.043,0.0256,0.0174
2023-06-19,0.042800000000000005,0.0256,0.017200000000000003
2023-06-20,0.042800000000000005,0.025699999999999997,0.017100000000000004
2023-06-21,0.0425,0.025,0.0175
2023-06-22,0.0426,0.0253,0.0173
2023-06-23,0.0424,0.0245,0.0179
2023-06-26,0.042,0.0241,0.0179
2023-06-27,0.042,0.0242,0.017800000000000003
2023-06-28,0.0424,0.024300000000000002,0.0181
2023-06-29,0.0424,0.0245,0.0179
2023-06-30,0.0429,0.0253,0.0176
2023-07-03,0.0426,0.024900000000000002,0.017699999999999997
2023-07-04,0.043,0.0255,0.0175
2023-07-05,0.042800000000000005,0.025099999999999997,0.017700000000000004
2023-07-06,0.0434,0.026000000000000002,0.0174
2023-07-07,0.0444,0.027000000000000003,0.017400000000000002
2023-07-10,0.0443,0.0271,0.017199999999999997
2023-07-11,0.044199999999999996,0.026699999999999998,0.0175
2023-07-12,0.0441,0.0269,0.017200000000000003
2023-07-13,0.0424,0.0255,0.016900000000000005
2023-07-14,0.042300000000000004,0.0254,0.016900000000000005
2023-07-17,0.042300000000000004,0.0255,0.016800000000000006
2023-07-18,0.04190000000000001,0.0248,0.017100000000000004
2023-07-19,0.040999999999999995,0.024,0.016999999999999998
2023-07-20,0.0418,0.025,0.016799999999999995
2023-07-21,0.0421,0.0254,0.0167
2023-07-24,0.0416,0.0245,0.0171
2023-07-25,0.04190000000000001,0.025,0.016900000000000005
2023-07-26,0.0418,0.025,0.016799999999999995
2023-07-27,0.0418,0.0255,0.0163
2023-07-28,0.0417,0.0255,0.016200000000000003
2023-07-31,0.0418,0.025699999999999997,0.0161
2023-08-01,0.0415,0.0255,0.016000000000000004
2023-08-02,0.0417,0.0255,0.016200000000000003
2023-08-03,0.04190000000000001,0.026000000000000002,0.015900000000000004
2023-08-04,0.0425,0.0263,0.016200000000000003
2023-08-07,0.042199999999999994,0.0259,0.0163
2023-08-08,0.0416,0.025099999999999997,0.016500000000000004
2023-08-09,0.0415,0.024900000000000002,0.0166
2023-08-10,0.04190000000000001,0.0256,0.016300000000000002
2023-08-11,0.042300000000000004,0.0258,0.016500000000000004
2023-08-14,0.042699999999999995,0.0263,0.016399999999999998
2023-08-15,0.0435,0.0271,0.016399999999999998
2023-08-16,0.0432,0.026699999999999998,0.016500000000000004
2023-08-17,0.0437,0.027000000000000003,0.0167
2023-08-18,0.0433,0.0263,0.017
2023-08-21,0.0436,0.026600000000000002,0.017
2023-08-22,0.043899999999999995,0.0269,0.016999999999999998
2023-08-23,0.0432,0.025699999999999997,0.017500000000000005
2023-08-24,0.0426,0.025,0.017599999999999998
2023-08-25,0.043,0.0256,0.0174
2023-08-28,0.0434,0.026099999999999998,0.0173
2023-08-29,0.0432,0.0258,0.017400000000000002
2023-08-30,0.0433,0.0259,0.017400000000000002
2023-08-31,0.0429,0.0253,0.0176
2023-09-01,0.042699999999999995,0.025,0.017699999999999997
2023-09-04,0.0432,0.0258,0.017400000000000002
2023-09-05,0.0435,0.026099999999999998,0.0174
2023-09-06,0.0438,0.0263,0.0175
2023-09-07,0.0441,0.0265,0.0176
2023-09-08,0.0437,0.0263,0.017400000000000002
2023-09-11,0.0437,0.0263,0.017400000000000002
2023-09-12,0.0436,0.0265,0.017100000000000004
2023-09-13,0.043899999999999995,0.027000000000000003,0.016899999999999995
2023-09-14,0.0437,0.0268,0.0169
2023-09-15,0.0433,0.0268,0.0165
2023-09-18,0.0437,0.0273,0.0164
2023-09-19,0.0438,0.0275,0.0163
2023-09-20,0.0437,0.0277,0.016
2023-09-21,0.044000000000000004,0.0279,0.016100000000000003
2023-09-22,0.044000000000000004,0.0277,0.016300000000000002
2023-09-25,0.0443,0.0281,0.016199999999999996
2023-09-26,0.0444,0.0282,0.016200000000000006
2023-09-27,0.0447,0.027999999999999997,0.0167
2023-09-28,0.045599999999999995,0.0292,0.016399999999999998
2023-09-29,0.0454,0.0286,0.016800000000000002
2023-10-02,0.0449,0.0287,0.016200000000000003
2023-10-03,0.0454,0.0292,0.016200000000000003
2023-10-04,0.0461,0.029500000000000002,0.0166
2023-10-05,0.045899999999999996,0.029300000000000003,0.016599999999999997
2023-10-06,0.045700000000000005,0.0287,0.017
2023-10-09,0.045599999999999995,0.0282,0.0174
2023-10-10,0.0451,0.0277,0.0174
2023-10-11,0.0447,0.027200000000000002,0.017499999999999995
2023-10-12,0.044500000000000005,0.0274,0.0171
2023-10-13,0.0447,0.0275,0.017199999999999997
2023-10-16,0.045,0.0278,0.017200000000000003
2023-10-17,0.0453,0.0281,0.017200000000000003
2023-10-18,0.0461,0.0291,0.017
2023-10-19,0.0467,0.0294,0.0173
2023-10-20,0.046900000000000004,0.0291,0.017800000000000003
2023-10-23,0.046799999999999994,0.029300000000000003,0.017499999999999995
2023-10-24,0.0461,0.0279,0.018200000000000004
2023-10-25,0.0458,0.028399999999999998,0.017400000000000002
2023-10-26,0.0463,0.0287,0.017599999999999998
2023-10-27,0.0458,0.0281,0.0177
2023-10-30,0.0453,0.0279,0.017400000000000002
2023-10-31,0.045,0.0276,0.017400000000000002
2023-11-01,0.045,0.0281,0.0169
2023-11-02,0.0436,0.027000000000000003,0.0166
2023-11-03,0.0434,0.027200000000000002,0.016199999999999996
2023-11-06,0.043,0.027000000000000003,0.015999999999999997
2023-11-07,0.0435,0.027000000000000003,0.016499999999999994
2023-11-08,0.043,0.0265,0.0165
2023-11-09,0.0429,0.026600000000000002,0.0163
2023-11-10,0.0432,0.0273,0.015900000000000004
2023-11-13,0.0432,0.027200000000000002,0.016
2023-11-14,0.0431,0.027200000000000002,0.015899999999999994
2023-11-15,0.0416,0.026099999999999998,0.015500000000000003
2023-11-16,0.0417,0.0264,0.015299999999999998
2023-11-17,0.041299999999999996,0.0254,0.015899999999999997
2023-11-20,0.04190000000000001,0.026099999999999998,0.015800000000000005
2023-11-21,0.04190000000000001,0.0262,0.015700000000000002
2023-11-22,0.0415,0.0259,0.015600000000000004
2023-11-23,0.0418,0.026000000000000002,0.015799999999999995
2023-11-24,0.042199999999999994,0.026600000000000002,0.015599999999999996
2023-11-27,0.042,0.026600000000000002,0.0154
2023-11-28,0.0414,0.0256,0.015799999999999995
2023-11-29,0.0403,0.024700000000000003,0.015600000000000001
2023-11-30,0.0397,0.024300000000000002,0.0154
2023-12-01,0.0397,0.024399999999999998,0.015300000000000003
2023-12-04,0.038900000000000004,0.023799999999999998,0.015100000000000002
2023-12-05,0.0382,0.0232,0.015
2023-12-06,0.0377,0.022799999999999997,0.014900000000000002
2023-12-07,0.0374,0.022000000000000002,0.0154
2023-12-08,0.037599999999999995,0.0225,0.015099999999999997
2023-12-11,0.0379,0.022799999999999997,0.015100000000000002
2023-12-12,0.0377,0.0225,0.0152
2023-12-13,0.037599999999999995,0.022400000000000003,0.015199999999999997
2023-12-14,0.0359,0.0208,0.015099999999999997
2023-12-15,0.0356,0.0207,0.014900000000000002
2023-12-18,0.0351,0.0206,0.014499999999999997
2023-12-19,0.0353,0.0206,0.014699999999999998
2023-12-20,0.0347,0.0202,0.014500000000000002
2023-12-21,0.0345,0.02,0.014500000000000002
2023-12-22,0.0344,0.0199,0.014499999999999999
2023-12-27,0.0342,0.0196,0.0146
2023-12-28,0.034,0.0195,0.014499999999999999
2023-12-29,0.0344,0.0203,0.014100000000000001
2024-01-02,0.0353,0.021099999999999997,0.014199999999999999
2024-01-03,0.0358,0.0208,0.015
2024-01-04,0.0362,0.0208,0.0154
2024-01-05,0.037200000000000004,0.0218,0.0154
2024-01-08,0.0375,0.0218,0.0157
2024-01-09,0.0373,0.022099999999999998,0.0152
2024-01-10,0.0371,0.0219,0.0152
2024-01-11,0.0369,0.022099999999999998,0.0148
2024-01-12,0.0365,0.0218,0.014699999999999998
2024-01-15,0.0365,0.0219,0.0146
2024-01-16,0.0368,0.022099999999999998,0.014700000000000001
2024-01-17,0.037200000000000004,0.0226,0.014600000000000004
2024-01-18,0.0375,0.0231,0.0144
2024-01-19,0.0375,0.0232,0.014300000000000002
2024-01-22,0.0371,0.0229,0.014199999999999999
2024-01-23,0.037000000000000005,0.0231,0.013900000000000001
2024-01-24,0.0371,0.0232,0.013900000000000001
2024-01-25,0.0373,0.0236,0.0137
2024-01-26,0.0364,0.0225,0.013900000000000001
2024-01-29,0.0361,0.0223,0.0138
2024-01-30,0.0359,0.022400000000000003,0.013499999999999996
2024-01-31,0.036000000000000004,0.0222,0.0138
2024-02-01,0.0358,0.022099999999999998,0.0137
2024-02-02,0.035699999999999996,0.0219,0.0138
2024-02-05,0.036699999999999997,0.0229,0.0138
2024-02-06,0.037000000000000005,0.0233,0.0137
2024-02-07,0.037000000000000005,0.023,0.014000000000000004
2024-02-08,0.037200000000000004,0.0232,0.014000000000000004
2024-02-09,0.037599999999999995,0.023700000000000002,0.013899999999999997
2024-02-12,0.0375,0.023799999999999998,0.0137
2024-02-13,0.0374,0.023799999999999998,0.013600000000000003
2024-02-14,0.0377,0.0239,0.0138
2024-02-15,0.037200000000000004,0.0235,0.0137
2024-02-16,0.0377,0.0242,0.013500000000000002
2024-02-19,0.0378,0.0242,0.0136
2024-02-20,0.0377,0.0242,0.013500000000000002
2024-02-21,0.0375,0.0242,0.013300000000000001
2024-02-22,0.038,0.0248,0.013199999999999998
2024-02-23,0.0378,0.025099999999999997,0.0127
2024-02-26,0.037200000000000004,0.0242,0.013000000000000003
2024-02-27,0.0377,0.0246,0.0131
2024-02-28,0.0381,0.025,0.0131
2024-02-29,0.0387,0.0254,0.013300000000000001
2024-03-01,0.0383,0.0246,0.0137
2024-03-04,0.038,0.024300000000000002,0.013699999999999997
2024-03-05,0.0378,0.024300000000000002,0.013499999999999996
2024-03-06,0.037599999999999995,0.0241,0.013499999999999996
2024-03-07,0.0374,0.023700000000000002,0.0137
2024-03-08,0.0368,0.0232,0.013600000000000003
2024-03-11,0.0366,0.0231,0.013500000000000002
2024-03-12,0.0368,0.023399999999999997,0.013400000000000002
2024-03-13,0.0369,0.023700000000000002,0.013199999999999998
2024-03-14,0.037200000000000004,0.0242,0.013000000000000003
2024-03-15,0.0377,0.024900000000000002,0.012799999999999999
2024-03-18,0.0378,0.025099999999999997,0.0127
2024-03-19,0.0378,0.0248,0.012999999999999998
2024-03-20,0.037599999999999995,0.0246,0.012999999999999998
2024-03-21,0.0375,0.024399999999999998,0.0131
2024-03-22,0.037000000000000005,0.0241,0.0129
2024-03-25,0.0369,0.0239,0.012999999999999998
2024-03-26,0.0371,0.024,0.0131
2024-03-27,0.036699999999999997,0.023799999999999998,0.0129
2024-03-28,0.0365,0.023700000000000002,0.012799999999999999
2024-04-02,0.0366,0.024,0.012600000000000002
2024-04-03,0.0366,0.024300000000000002,0.0123
2024-04-04,0.0363,0.0241,0.012199999999999997
2024-04-05,0.0361,0.024,0.0121
2024-04-08,0.0366,0.024900000000000002,0.011699999999999999
2024-04-09,0.0364,0.0245,0.011899999999999999
2024-04-10,0.0361,0.024,0.0121
2024-04-11,0.037000000000000005,0.025099999999999997,0.011900000000000004
2024-04-12,0.036699999999999997,0.024300000000000002,0.012399999999999998
2024-04-15,0.0369,0.024300000000000002,0.012599999999999998
2024-04-16,0.0377,0.024900000000000002,0.012799999999999999
2024-04-17,0.0381,0.0252,0.0129
2024-04-18,0.0378,0.024900000000000002,0.012899999999999997
2024-04-19,0.0381,0.025099999999999997,0.013000000000000003
2024-04-22,0.0383,0.025699999999999997,0.012600000000000002
2024-04-23,0.0378,0.0253,0.0125
2024-04-24,0.0382,0.0258,0.012399999999999998
2024-04-25,0.0385,0.026099999999999998,0.012400000000000001
2024-04-26,0.038900000000000004,0.0264,0.0125
2024-04-29,0.0382,0.025699999999999997,0.0125
2024-04-30,0.0383,0.0259,0.012400000000000001
2024-05-02,0.0385,0.0259,0.012600000000000002
2024-05-03,0.0383,0.0258,0.0125
2024-05-06,0.0377,0.025,0.0127
2024-05-07,0.0374,0.024900000000000002,0.0125
2024-05-08,0.0375,0.024900000000000002,0.012599999999999998
2024-05-09,0.0378,0.0255,0.0123
2024-05-10,0.0377,0.0252,0.0125
2024-05-13,0.0379,0.025699999999999997,0.012200000000000003
2024-05-14,0.0383,0.0256,0.0127
2024-05-15,0.0382,0.0254,0.012799999999999999
2024-05-16,0.037599999999999995,0.024900000000000002,0.012699999999999996
2024-05-17,0.0381,0.0254,0.0127
2024-05-20,0.0384,0.0258,0.012599999999999998
2024-05-21,0.0384,0.025699999999999997,0.0127
2024-05-22,0.0385,0.0259,0.012600000000000002
2024-05-23,0.038599999999999995,0.0262,0.012399999999999998
2024-05-24,0.0391,0.0264,0.0127
2024-05-27,0.0391,0.026600000000000002,0.0125
2024-05-28,0.038599999999999995,0.0262,0.012399999999999998
2024-05-29,0.0392,0.026699999999999998,0.0125
2024-05-30,0.0395,0.027200000000000002,0.0123
2024-05-31,0.039599999999999996,0.0275,0.0121
2024-06-03,0.0395,0.0269,0.012600000000000002
2024-06-04,0.038900000000000004,0.026099999999999998,0.012800000000000002
2024-06-05,0.0387,0.026099999999999998,0.012600000000000002
2024-06-06,0.0387,0.0259,0.012800000000000002
2024-06-07,0.039,0.0264,0.012599999999999998
2024-06-10,0.0398,0.027000000000000003,0.012799999999999999
2024-06-11,0.0398,0.0271,0.0127
2024-06-12,0.0394,0.0265,0.0129
2024-06-13,0.038900000000000004,0.026099999999999998,0.012800000000000002
2024-06-14,0.0379,0.024399999999999998,0.013500000000000002
2024-06-17,0.0384,0.024399999999999998,0.013999999999999999
2024-06-18,0.0387,0.024700000000000003,0.013999999999999999
2024-06-19,0.0384,0.024399999999999998,0.013999999999999999
2024-06-20,0.0385,0.0248,0.0137
2024-06-21,0.0382,0.0242,0.013999999999999999
2024-06-24,0.0381,0.0246,0.013500000000000002
2024-06-25,0.0379,0.024700000000000003,0.013199999999999998
2024-06-26,0.0381,0.0248,0.013300000000000001
2024-06-27,0.0384,0.025099999999999997,0.013300000000000001
2024-06-28,0.0382,0.025,0.013199999999999998
2024-07-01,0.038900000000000004,0.0262,0.0127
2024-07-02,0.039,0.0263,0.0127
2024-07-03,0.038900000000000004,0.0264,0.0125
2024-07-04,0.0385,0.026099999999999998,0.012400000000000001
2024-07-05,0.0384,0.026099999999999998,0.0123
2024-07-08,0.0381,0.0259,0.012200000000000003
2024-07-09,0.0379,0.0258,0.0121
2024-07-10,0.0378,0.0256,0.012199999999999997
2024-07-11,0.0378,0.025699999999999997,0.0121
2024-07-12,0.0374,0.0253,0.012100000000000005
2024-07-15,0.0374,0.024900000000000002,0.0125
2024-07-16,0.0369,0.0246,0.0123
2024-07-17,0.0369,0.024300000000000002,0.012599999999999998
2024-07-18,0.037000000000000005,0.0246,0.012400000000000001
2024-07-19,0.0369,0.024399999999999998,0.0125
2024-07-22,0.0371,0.025,0.0121
2024-07-23,0.0371,0.0248,0.0123
2024-07-24,0.0368,0.024399999999999998,0.012400000000000001
2024-07-25,0.0366,0.0241,0.0125
2024-07-26,0.0368,0.024399999999999998,0.012400000000000001
2024-07-29,0.0363,0.0236,0.0127
2024-07-30,0.0362,0.023700000000000002,0.0125
2024-07-31,0.0358,0.0233,0.0125
2024-08-01,0.0356,0.023,0.012600000000000002
2024-08-02,0.0353,0.0222,0.013099999999999995
2024-08-05,0.0356,0.0212,0.0144
2024-08-06,0.0365,0.0217,0.0148
2024-08-07,0.0366,0.0227,0.013900000000000001
2024-08-08,0.0362,0.022099999999999998,0.014100000000000001
2024-08-09,0.0362,0.022400000000000003,0.0138
2024-08-12,0.0362,0.0223,0.013900000000000001
2024-08-13,0.036000000000000004,0.0222,0.0138
2024-08-14,0.0358,0.022000000000000002,0.0138
2024-08-15,0.035699999999999996,0.022000000000000002,0.013699999999999997
2024-08-16,0.0359,0.0225,0.013399999999999999
2024-08-19,0.0358,0.0223,0.013500000000000002
2024-08-20,0.0358,0.0225,0.013300000000000001
2024-08-21,0.0356,0.0222,0.013399999999999999
2024-08-22,0.0355,0.0222,0.013299999999999996
2024-08-23,0.035699999999999996,0.0226,0.0131
2024-08-26,0.0356,0.022400000000000003,0.013199999999999998
2024-08-27,0.0358,0.0227,0.0131
2024-08-28,0.035699999999999996,0.0226,0.0131
2024-08-29,0.0356,0.0223,0.013300000000000001
2024-08-30,0.0358,0.0225,0.013300000000000001
2024-09-02,0.0363,0.0232,0.0131
2024-09-03,0.0365,0.0232,0.013300000000000001
2024-09-04,0.0359,0.022400000000000003,0.013499999999999996
2024-09-05,0.035699999999999996,0.022099999999999998,0.0136
2024-09-06,0.0353,0.0216,0.013699999999999997
2024-09-09,0.0354,0.0222,0.013199999999999998
2024-09-10,0.0352,0.0215,0.0137
2024-09-11,0.0351,0.021,0.014099999999999996
2024-09-12,0.0353,0.0212,0.014099999999999996
2024-09-13,0.0353,0.0212,0.014099999999999996
2024-09-16,0.0352,0.021400000000000002,0.0138
2024-09-17,0.0348,0.021,0.0138
2024-09-18,0.0353,0.0216,0.013699999999999997
2024-09-19,0.0353,0.0219,0.013399999999999999
2024-09-20,0.0352,0.0216,0.0136
2024-09-23,0.035,0.021400000000000002,0.0136
2024-09-24,0.0348,0.0216,0.013199999999999998
2024-09-25,0.0348,0.0212,0.0136
2024-09-26,0.0348,0.021099999999999997,0.0137
2024-09-27,0.0348,0.021,0.0138
2024-09-30,0.0348,0.0213,0.013500000000000002
2024-10-01,0.0342,0.0204,0.0138
2024-10-02,0.0341,0.020499999999999997,0.013600000000000003
2024-10-03,0.0344,0.021,0.013399999999999999
2024-10-04,0.0348,0.021400000000000002,0.013399999999999999
2024-10-07,0.0353,0.0223,0.012999999999999998
2024-10-08,0.0353,0.0223,0.012999999999999998
2024-10-09,0.0353,0.022099999999999998,0.013199999999999998
2024-10-10,0.0356,0.0225,0.0131
2024-10-11,0.0355,0.0226,0.0129
2024-10-14,0.0353,0.022400000000000003,0.012899999999999997
2024-10-15,0.0352,0.022099999999999998,0.0131
2024-10-16,0.0348,0.0217,0.0131
2024-10-17,0.0347,0.0219,0.012800000000000002
2024-10-18,0.0344,0.0217,0.0127
2024-10-21,0.0345,0.022000000000000002,0.0125
2024-10-22,0.0352,0.022799999999999997,0.012400000000000001
2024-10-23,0.035,0.0227,0.0123
2024-10-24,0.0347,0.0223,0.012400000000000001
2024-10-25,0.0347,0.022400000000000003,0.0123
2024-10-28,0.0348,0.022400000000000003,0.012399999999999998
2024-10-29,0.0348,0.0227,0.0121
2024-10-30,0.0351,0.0227,0.012399999999999998
2024-10-31,0.0361,0.023700000000000002,0.012399999999999998
2024-11-01,0.0359,0.023700000000000002,0.012199999999999997
2024-11-04,0.0359,0.023799999999999998,0.0121
2024-11-05,0.036000000000000004,0.023700000000000002,0.0123
2024-11-06,0.0355,0.0233,0.012199999999999997
2024-11-07,0.0358,0.0241,0.011699999999999999
2024-11-08,0.0354,0.0233,0.0121
2024-11-11,0.035,0.0227,0.0123
2024-11-12,0.0348,0.0225,0.0123
2024-11-13,0.0353,0.0231,0.012199999999999997
2024-11-14,0.0353,0.0232,0.0121
2024-11-15,0.035,0.0227,0.0123
2024-11-18,0.0354,0.0233,0.0121
2024-11-19,0.0352,0.022400000000000003,0.012799999999999999
2024-11-20,0.0355,0.0229,0.012599999999999998
2024-11-21,0.0354,0.0226,0.012800000000000002
2024-11-22,0.0349,0.0218,0.0131
2024-11-25,0.0348,0.0219,0.0129
2024-11-26,0.0347,0.0216,0.0131
2024-11-27,0.0344,0.021,0.013399999999999999
2024-11-28,0.034300000000000004,0.0212,0.0131
2024-11-29,0.0339,0.0207,0.013200000000000003
2024-12-02,0.0335,0.020099999999999996,0.013400000000000002
2024-12-03,0.0334,0.0202,0.013199999999999998
2024-12-04,0.0336,0.0204,0.013199999999999998
2024-12-05,0.0333,0.0204,0.0129
2024-12-06,0.0335,0.0209,0.012600000000000002
2024-12-09,0.0332,0.0207,0.0125
2024-12-10,0.0331,0.0208,0.0123
2024-12-11,0.0331,0.0207,0.012400000000000001
2024-12-12,0.0333,0.021099999999999997,0.012200000000000003
2024-12-13,0.0341,0.0217,0.012400000000000001
2024-12-16,0.0342,0.0219,0.0123
2024-12-17,0.034300000000000004,0.0218,0.0125
2024-12-18,0.034300000000000004,0.0219,0.012400000000000001
2024-12-19,0.0348,0.022099999999999998,0.0127
2024-12-20,0.0349,0.0222,0.0127
2024-12-23,0.035,0.0223,0.0127
2024-12-27,0.0354,0.0231,0.0123
2024-12-30,0.0358,0.0231,0.0127
2025-01-02,0.0356,0.0229,0.0127
2025-01-03,0.0359,0.0232,0.0127
2025-01-06,0.0363,0.023799999999999998,0.0125
2025-01-07,0.0364,0.023799999999999998,0.012600000000000002
2025-01-08,0.0368,0.0241,0.0127
2025-01-09,0.037200000000000004,0.0246,0.012600000000000002
2025-01-10,0.0375,0.024900000000000002,0.012599999999999998
2025-01-13,0.0379,0.0253,0.012600000000000002
2025-01-14,0.0379,0.0253,0.012600000000000002
2025-01-15,0.0379,0.0255,0.012400000000000001
2025-01-16,0.037200000000000004,0.024900000000000002,0.0123
2025-01-17,0.036699999999999997,0.0245,0.012199999999999997
2025-01-20,0.0366,0.0246,0.012000000000000002
2025-01-21,0.0365,0.024300000000000002,0.012199999999999997
2025-01-22,0.0364,0.024300000000000002,0.0121
2025-01-23,0.036699999999999997,0.0246,0.0121
2025-01-24,0.0368,0.025,0.011800000000000001
2025-01-27,0.0366,0.0245,0.0121
2025-01-28,0.0368,0.024700000000000003,0.0121
2025-01-29,0.0366,0.0246,0.012000000000000002
2025-01-30,0.0363,0.0245,0.011799999999999998
2025-01-31,0.0356,0.0239,0.011699999999999999
2025-02-03,0.0351,0.0231,0.011999999999999997
2025-02-04,0.035,0.023399999999999997,0.011600000000000001
2025-02-05,0.0346,0.0227,0.011899999999999999
2025-02-06,0.0346,0.023,0.011600000000000001
2025-02-07,0.0346,0.022799999999999997,0.011800000000000001
2025-02-10,0.0347,0.023,0.011700000000000004
2025-02-11,0.0348,0.0232,0.011600000000000001
2025-02-12,0.0353,0.023700000000000002,0.011599999999999997
2025-02-13,0.0353,0.0239,0.011399999999999997
2025-02-14,0.035,0.0235,0.0115
2025-02-17,0.0352,0.0242,0.011000000000000001
2025-02-18,0.0351,0.024300000000000002,0.010799999999999997
2025-02-19,0.0352,0.024399999999999998,0.0108
2025-02-20,0.0354,0.024700000000000003,0.010699999999999998
2025-02-21,0.035,0.0242,0.0108
2025-02-24,0.0347,0.0239,0.0108
2025-02-25,0.0347,0.023799999999999998,0.010900000000000003
2025-02-26,0.0346,0.0235,0.011099999999999999
2025-02-27,0.0345,0.0236,0.010900000000000003
2025-02-28,0.034300000000000004,0.023,0.011300000000000003
2025-03-03,0.0347,0.023700000000000002,0.011000000000000001
2025-03-04,0.0347,0.0236,0.011100000000000004
2025-03-05,0.036000000000000004,0.025699999999999997,0.010300000000000002
2025-03-06,0.0375,0.027200000000000002,0.010299999999999998
2025-03-07,0.0373,0.0269,0.0104
2025-03-10,0.0371,0.026699999999999998,0.0104
2025-03-11,0.0374,0.027200000000000002,0.0102
2025-03-12,0.0378,0.0276,0.0102
2025-03-13,0.0379,0.0275,0.0104
2025-03-14,0.0383,0.0273,0.011000000000000001
2025-03-17,0.038,0.0268,0.011199999999999996
2025-03-18,0.0378,0.027000000000000003,0.010799999999999997
2025-03-19,0.0375,0.0265,0.011000000000000001
2025-03-20,0.0373,0.0264,0.010899999999999998
2025-03-21,0.0371,0.0262,0.010899999999999998
2025-03-24,0.0373,0.0264,0.010899999999999998
2025-03-25,0.0375,0.0268,0.010699999999999998
2025-03-26,0.0374,0.0265,0.010900000000000003
2025-03-27,0.0375,0.0264,0.011099999999999999
2025-03-28,0.037200000000000004,0.0258,0.0114
2025-03-31,0.037200000000000004,0.0254,0.011800000000000001
2025-04-01,0.037200000000000004,0.0254,0.011800000000000001
2025-04-02,0.0371,0.0254,0.011699999999999999
2025-04-03,0.0375,0.025099999999999997,0.012400000000000001
2025-04-04,0.037599999999999995,0.024,0.0136
2025-04-07,0.0388,0.0229,0.015899999999999997
2025-04-08,0.0392,0.0246,0.0146
2025-04-09,0.0394,0.0241,0.015299999999999998
2025-04-10,0.0388,0.024900000000000002,0.013899999999999997
2025-04-11,0.0384,0.024,0.0144
2025-04-14,0.0384,0.024,0.0144
2025-04-15,0.0378,0.0236,0.014199999999999999
2025-04-16,0.0373,0.0235,0.0138
2025-04-17,0.037000000000000005,0.0239,0.0131
2025-04-22,0.0362,0.023,0.013200000000000003
2025-04-23,0.036000000000000004,0.0233,0.0127
2025-04-24,0.035699999999999996,0.0232,0.0125
2025-04-25,0.0356,0.0233,0.0123
2025-04-28,0.0358,0.0236,0.012200000000000003
2025-04-29,0.0359,0.0235,0.012399999999999998
2025-04-30,0.0359,0.0233,0.012599999999999998
2025-05-02,0.0362,0.0233,0.0129
2025-05-05,0.0364,0.023799999999999998,0.012600000000000002
2025-05-06,0.0365,0.024,0.0125
2025-05-07,0.0363,0.023799999999999998,0.0125
2025-05-08,0.036000000000000004,0.023700000000000002,0.0123
2025-05-09,0.0364,0.024399999999999998,0.012000000000000002
2025-05-12,0.0364,0.025,0.0114
2025-05-13,0.0364,0.0254,0.011000000000000001
2025-05-14,0.0364,0.0255,0.010900000000000003
2025-05-15,0.0366,0.0255,0.011100000000000004
2025-05-16,0.036000000000000004,0.0245,0.0115
2025-05-19,0.0362,0.025099999999999997,0.011100000000000004
2025-05-20,0.0358,0.024300000000000002,0.0115
2025-05-21,0.0361,0.0252,0.010899999999999998
2025-05-22,0.0362,0.025,0.011200000000000002
2025-05-23,0.036000000000000004,0.024900000000000002,0.011099999999999999
2025-05-26,0.0359,0.0246,0.0113
2025-05-27,0.0355,0.0239,0.011599999999999997
2025-05-28,0.0355,0.0242,0.0113
2025-05-29,0.0356,0.024399999999999998,0.011200000000000002
2025-05-30,0.0352,0.024,0.011200000000000002
2025-06-02,0.0353,0.0242,0.011099999999999999
2025-06-03,0.035,0.023799999999999998,0.011200000000000002
2025-06-04,0.0351,0.0241,0.010999999999999996
2025-06-05,0.035,0.023700000000000002,0.0113
2025-06-06,0.0354,0.0242,0.011200000000000002
2025-06-09,0.0354,0.0241,0.0113
2025-06-10,0.0351,0.024300000000000002,0.010799999999999997
2025-06-11,0.0351,0.024300000000000002,0.010799999999999997
2025-06-12,0.0348,0.0239,0.010899999999999998
2025-06-13,0.0349,0.023799999999999998,0.011100000000000004
2025-06-16,0.0353,0.0245,0.010799999999999997
2025-06-17,0.0352,0.024300000000000002,0.010899999999999998
2025-06-18,0.0352,0.024300000000000002,0.010899999999999998
2025-06-19,0.0352,0.0241,0.011099999999999999
2025-06-20,0.0353,0.0241,0.011199999999999996
2025-06-23,0.0354,0.024300000000000002,0.011099999999999999
2025-06-24,0.0352,0.024300000000000002,0.010899999999999998
2025-06-25,0.0352,0.0242,0.011000000000000001
2025-06-26,0.0352,0.024399999999999998,0.0108
2025-06-27,0.0353,0.024399999999999998,0.010899999999999998
2025-06-30,0.0353,0.0245,0.010799999999999997
